Rank,Player Name,Position,College
1,Fernando Mendoza,QB,Indiana
2,Arvell Reese,LB,Ohio State
3,David Bailey,EDGE,Texas Tech
4,Jeremiyah Love,RB,Notre Dame
5,Francis Mauigoa,OT,Miami (FL)
6,Sonny Styles,LB,Ohio State
7,Rueben Bain,EDGE,Miami (FL)
8,Carnell Tate,WR,Ohio State
9,Caleb Downs,S,Ohio State
10,Mansoor Delane,CB,LSU
11,Monroe Freeling,OT,Georgia
12,Spencer Fano,OT,Utah
13,Makai Lemon,WR,USC
14,Jordyn Tyson,WR,Arizona State
15,Jermod McCoy,CB,Tennessee
16,Olaivavega Ioane,IOL,Penn State
17,Kenyon Sadiq,TE,Oregon
18,Dillon Thieneman,S,Oregon
19,Keldric Faulk,EDGE,Auburn
20,Akheem Mesidor,EDGE,Miami (FL)
21,Kadyn Proctor,OT,Alabama
22,Avieon Terrell,CB,Clemson
23,Caleb Lomu,OT,Utah
24,Omar Cooper Jr.,WR,Indiana
25,Peter Woods,DL,Clemson
26,Emmanuel McNeil-Warren,S,Toledo
27,Denzel Boston,WR,Washington
28,T.J. Parker,EDGE,Clemson
29,Blake Miller,OT,Clemson
30,Ty Simpson,QB,Alabama
31,Kevin Concepcion,WR,Texas A&M
32,Kayden McDonald,DL,Ohio State
33,C.J. Allen,LB,Georgia
34,Colton Hood,CB,Tennessee
35,Cashius Howell,EDGE,Texas A&M
36,Caleb Banks,DL,Florida
37,Max Iheanachor,OT,Arizona State
38,Zion Young,EDGE,Missouri
39,Emmanuel Pregnon,IOL,Oregon
40,Brandon Cisse,CB,South Carolina
41,Malachi Lawrence,EDGE,UCF
42,Chris Johnson,CB,San Diego State
43,Jacob Rodriguez,LB,Texas Tech
44,Chase Bisontis,IOL,Texas A&M
45,Christen Miller,DL,Georgia
46,Jadarian Price,RB,Notre Dame
47,R Mason Thomas,EDGE,Oklahoma
48,Lee Hunter,DL,Texas Tech
49,Anthony Hill Jr.,LB,Texas
50,Chris Brazzell,WR,Tennessee
51,Chris Bell,WR,Louisville
52,D'angelo Ponds,CB,Indiana
53,Gabe Jacas,EDGE,Illinois
54,Eli Stowers,TE,Vanderbilt
55,Germie Bernard,WR,Alabama
56,Jake Golday,LB,Cincinnati
57,A.J. Haulcy,S,LSU
58,Derrick Moore,EDGE,Michigan
59,Keionte Scott,CB,Miami (FL)
60,Josiah Trotter,LB,Missouri
61,Gennings Dunker,OT,Iowa
62,Keith Abney II,CB,Arizona State
63,Treydan Stukes,CB,Arizona
64,Keylan Rutledge,IOL,Georgia Tech
65,Mike Washington Jr.,RB,Arkansas
66,Caleb Tiernan,OT,Northwestern
67,Antonio Williams,WR,Clemson
68,Zachariah Branch,WR,Georgia
69,Malachi Fields,WR,Notre Dame
70,Dani Dennis-Sutton,EDGE,Penn State
71,Connor Lew,IOL,Auburn
72,Max Klare,TE,Ohio State
73,Sam Hecht,IOL,Kansas State
74,Domonique Orange,DL,Iowa State
75,Kamari Ramsey,S,USC
76,Elijah Sarratt,WR,Indiana
77,Kyle Louis,LB,Pittsburgh
78,Davison Igbinosun,CB,Ohio State
79,Ted Hurst,WR,Georgia State
80,Joshua Josephs,EDGE,Tennessee
81,Skyler Bell,WR,UConn
82,Gracen Halton,DL,Oklahoma
83,Romello Height,EDGE,Texas Tech
84,Garrett Nussmeier,QB,LSU
85,Genesis Smith,S,Arizona
86,Darrell Jackson Jr.,DL,Florida State
87,Bryce Lance,WR,North Dakota State
88,Jalon Kilgore,S,South Carolina
89,Bud Clark,S,TCU
90,Jonah Coleman,RB,Washington
91,Zakee Wheatley,S,Penn State
92,Oscar Delp,TE,Georgia
93,Malik Muhammad,CB,Texas
94,Deion Burks,WR,Oklahoma
95,Julian Neal,CB,Arkansas
96,Deontae Lawson,LB,Alabama
97,Dametrious Crownover,OT,Texas A&M
98,Keyron Crawford,EDGE,Auburn
99,Jaishawn Barham,LB,Michigan
100,Jake Slaughter,IOL,Florida
101,Devin Moore,CB,Florida
102,L.T. Overton,EDGE,Alabama
103,Kaleb Proctor,DL,Southeastern Louisiana
104,Chandler Rivers,CB,Duke
105,Logan Jones,IOL,Iowa
106,Jalen Farmer,IOL,Kentucky
107,Brian Parker II,OT,Duke
108,Emmett Johnson,RB,Nebraska
109,Sam Roush,TE,Stanford
110,Dontay Corleone,DL,Cincinnati
111,Daylen Everette,CB,Georgia
112,Ja'Kobi Lane,WR,USC
113,Chris McClellan,DL,Missouri
114,Brenen Thompson,WR,Mississippi State
115,Justin Joly,TE,NC State
116,Drew Allar,QB,Penn State
117,Zxavian Harris,DL,Mississippi
118,Michael Trigg,TE,Baylor
119,Carson Beck,QB,Miami (FL)
120,Will Lee III,CB,Texas A&M
121,Jude Bowry,OT,Boston College
122,Harold Perkins,LB,LSU
123,Tacario Davis,CB,Washington
124,Hezekiah Masses,CB,California
125,Zane Durant,DL,Penn State
126,Billy Schrauth,IOL,Notre Dame
127,Kage Casey,OT,Boise State
128,Anthony Lucas,EDGE,USC
129,Bryce Boettcher,LB,Oregon
130,Markel Bell,OT,Miami (FL)
131,Nick Singleton,RB,Penn State
132,DeMonte Capehart,DL,Clemson
133,Trey Zuhn III,OT,Texas A&M
134,Kaleb Elarms-Orr,LB,TCU
135,Matt Gulbin,IOL,Michigan State
136,Austin Barber,OT,Florida
137,Isaiah World,OT,Oregon
138,Parker Brailsford,IOL,Alabama
139,Joe Royer,TE,Cincinnati
140,Tim Keenan III,DL,Alabama
141,Aiden Fisher,LB,Indiana
142,Demond Claiborne,RB,Wake Forest
143,Rayshaun Benny,DL,Michigan
144,Ephesians Prysock,CB,Washington
145,Kaytron Allen,RB,Penn State
146,Keyshaun Elliott,LB,Arizona State
147,Taurean York,LB,Texas A&M
148,Eli Raridon,TE,Notre Dame
149,De'Zhaun Stribling,WR,Mississippi
150,Jack Endries,TE,Texas
151,VJ Payne,S,Kansas State
152,Kevin Coleman Jr.,WR,Missouri
153,Jager Burton,IOL,Kentucky
154,Drew Shelton,OT,Penn State
155,Jeremiah Wright,IOL,Auburn
156,Keagen Trost,IOL,Missouri
157,Beau Stephens,IOL,Iowa
158,Josh Cameron,WR,Baylor
159,TJ Hall,CB,Iowa
160,Taylen Green,QB,Arkansas
161,Jeff Caldwell,WR,Cincinnati
162,Charles Demmings,CB,Stephen F. Austin
163,Cole Payton,QB,North Dakota State
164,Caden Curry,EDGE,Ohio State
165,J.C. Davis,OT,Illinois
166,Tyreak Sapp,EDGE,Florida
167,Seth McGowan,RB,Kentucky
168,Dallen Bentley,TE,Utah
169,Mikail Kamara,EDGE,Indiana
170,Nate Boerkircher,TE,Texas A&M
171,Ar'maj Reed-Adams,IOL,Texas A&M
172,Max Llewellyn,EDGE,Iowa
173,Kaelon Black,RB,Indiana
174,Diego Pounds,OT,Mississippi
175,Dae'Quan Wright,TE,Mississippi
176,Jadon Canady,CB,Oregon
177,Cyrus Allen,WR,Cincinnati
178,Jimmy Rolder,LB,Michigan
179,Cade Klubnik,QB,Clemson
180,Albert Regis,DL,Texas A&M
181,Michael Taaffe,S,Texas
182,Eric McAlister,WR,TCU
183,Vincent Anthony Jr.,EDGE,Duke
184,Adam Randall,RB,Clemson
185,Nadame Tucker,EDGE,Western Michigan
186,George Gumbs Jr.,EDGE,Florida
187,Pat Coogan,IOL,Indiana
188,Kendrick Law,WR,Kentucky
189,Jaeden Roberts,IOL,Alabama
190,Marlin Klein,TE,Michigan
191,Landon Robinson,DL,Navy
192,Tyler Onyedim,DL,Texas A&M
193,Eli Heidenreich,WR,Navy
194,Trey Moore,EDGE,Texas
195,Reggie Virgil,WR,Texas Tech
196,Justin Jefferson,LB,Alabama
197,Jack Kelly,LB,BYU
198,Devon Marshall,CB,NC State
199,Jalen Huskey,CB,Maryland
200,Tanner Koziol,TE,Houston
201,Aamil Wagner,OT,Notre Dame
202,Louis Moore,S,Indiana
203,D.J. Campbell,IOL,Texas
204,C.J. Daniels,WR,Miami (FL)
205,Matthew Hibner,TE,SMU
206,Jakobe Thomas,S,Miami (FL)
207,Domani Jackson,CB,Alabama
208,John Michael Gyllenborg,TE,Wyoming
209,Anez Cooper,IOL,Miami (FL)
210,Tyren Montgomery,WR,John Carroll
211,Thaddeus Dixon,CB,North Carolina
212,Febechi Nwaiwu,IOL,Oklahoma
213,Sawyer Robertson,QB,Baylor
214,Nick Barrett,DL,South Carolina
215,Lorenzo Styles Jr.,CB,Ohio State
216,Skyler Gill-Howard,DL,Texas Tech
217,J'Mari Taylor,RB,Virginia
218,Le'Veon Moss,RB,Texas A&M
219,Red Murdock,LB,Buffalo
220,Mason Reiger,EDGE,Wisconsin
221,Eric Rivers,WR,Georgia Tech
222,Owen Heinecke,LB,Oklahoma
223,Andre Fuller,CB,Toledo
224,Lander Barton,LB,Utah
225,Alex Harkey,OT,Oregon
226,Fa'alili Fa'amoe,OT,Wake Forest
227,Will Kacmarek,TE,Ohio State
228,Josh Cuevas,TE,Alabama
229,Logan Taylor,IOL,Boston College
230,Kaden Wetjen,WR,Iowa
231,Bishop Fitzgerald,S,USC
232,Robert Spears-Jennings,S,Oklahoma
233,Quintayvious Hutchins,EDGE,Boston College
234,J.Michael Sturdivant,WR,Florida
235,Bryson Eason,DL,Tennessee
236,Roman Hemby,RB,Indiana
237,Luke Altmyer,QB,Illinois
238,Desmond Reid,RB,Pittsburgh
239,Fernando Carmona,IOL,Arkansas
240,Cole Wisniewski,S,Texas Tech
241,Eric Gentry,LB,USC
242,Aaron Anderson,WR,LSU
243,Carver Willis,OT,Washington
244,Caleb Douglas,WR,Texas Tech
245,Chase Roberts,WR,BYU
246,Micah Morris,IOL,Georgia
247,Cameron Ball,DL,Arkansas
248,Jeremiah Williams,EDGE,Texas A&M
249,Nolan Rucci,OT,Penn State
250,Jamarion Miller,RB,Alabama
251,Barion Brown,WR,LSU
252,Jack Pyburn,EDGE,LSU
253,Ahmari Harvey,CB,Georgia Tech
254,Toriano Pride,CB,Missouri
255,Logan Fano,EDGE,Utah
256,Wesley Williams,DL,Duke
257,DJ Rogers,TE,TCU
258,Ethan Burke,EDGE,Texas
259,Jordan van den Berg,DL,Georgia Tech
260,James Thompson Jr.,DL,Illinois
261,Patrick Payton,EDGE,LSU
262,Robert Henry Jr.,RB,UTSA
263,Travis Burke,OT,Memphis
264,Rahsul Faison,RB,South Carolina
265,Jaydn Ott,RB,Oklahoma
266,Collin Wright,CB,Stanford
267,Riley Nowakowski,TE,Indiana
268,Isaiah Nwokobia,S,SMU
269,Lance Mason,TE,Wisconsin
270,Brent Austin,CB,California
271,Deven Eastern,DL,Minnesota
272,Marcus Allen,CB,North Carolina
273,Jalon Daniels,QB,Kansas
274,Ahmaad Moses,S,SMU
275,Zavion Thomas,WR,LSU
276,Ceyair Wright,CB,Nebraska
277,Dillon Bell,WR,Georgia
278,Xavian Sorey Jr.,LB,Arkansas
279,Avery Smith,CB,Toledo
280,Brandon Cleveland,DL,NC State
281,Jalen Stroman,S,Notre Dame
282,Miles Kitselman,TE,Tennessee
283,Brett Thorson,P,Georgia
284,Vinny Anthony II,WR,Wisconsin
285,Devonta Smith,CB,Notre Dame
286,Jaylon Guilbeau,CB,Texas
287,DeShon Singleton,S,Nebraska
288,Cian Slone,EDGE,NC State
289,C.J. Donaldson,RB,Ohio State
290,R.J. Maryland,TE,SMU
291,Noah Thomas,WR,Georgia
292,Haynes King,QB,Georgia Tech
293,Marvin Jones Jr.,EDGE,Oklahoma
294,Trey Smack,K,Florida
295,Nyjalik Kelly,EDGE,UCF
296,Caullin Lacy,WR,Louisville
297,Noah Whittington,RB,Oregon
298,Max Bredeson,RB,Michigan
299,Behren Morton,QB,Texas Tech
300,Jackson Kuwatch,EDGE,Miami (OH)
301,Dalton Johnson,S,Arizona
302,Enrique Cruz Jr.,OT,Kansas
303,David Gusta,DL,Kentucky
304,Jordan Hudson,WR,SMU
305,Chris Adams,IOL,Memphis
306,Tommy Doman,P,Florida
307,Dominic Zvada,K,Michigan
308,Kendal Daniels,S,Oklahoma
309,Harrison Wallace III,WR,Mississippi
310,Xavier Nwankpa,S,Iowa
311,Lewis Bond,WR,Boston College
312,Lake McRee,TE,USC
313,Diego Pavia,QB,Vanderbilt
314,Joe Fagnano,QB,UConn
315,Tristan Leigh,OT,Clemson
316,Joey Aguilar,QB,Tennessee
317,Ethan Onianwa,OT,Ohio State
318,Colbie Young,WR,Georgia
319,Aaron Hall,DL,Duke
320,Dan Villari,TE,Syracuse
321,Malik Benson,WR,Oregon
322,James Brockermeyer,IOL,Miami (FL)
323,Riley Mahlman,OT,Wisconsin
324,Bauer Sharp,TE,LSU
325,Mark Gronowski,QB,Iowa
326,Micah Pettus,OT,Florida State
327,Terion Stewart,RB,Virginia Tech
328,Jack Velling,TE,Michigan State
329,Namdi Obiazor,LB,TCU
330,Luke Basso,LS,Oregon
331,Fred Davis II,CB,Northwestern
332,Beau Gardner,LS,Georgia
333,Will Ferrin,K,BYU
334,DJ Harvey,CB,USC
335,Tyre West,EDGE,Tennessee
336,Kam Dewberry,IOL,Alabama
337,Eric O'Neill,EDGE,Rutgers
338,Josh Thompson,IOL,LSU
339,Emmanuel Henderson,WR,Kansas
340,Miles Scott,S,Illinois
341,Joshua Braun,IOL,Kentucky
342,Jaden Dugger,LB,Louisiana-Lafayette
343,Rene Konga,DL,Louisville
344,Josh Moten,CB,Southern Miss
345,Tyreek Chappell,CB,Texas A&M
346,Preston Hodge,CB,Colorado
347,Dane Key,WR,Nebraska
348,Kobe Baynes,IOL,Kansas
349,Athan Kaliakmanis,QB,Rutgers
350,Kejon Owens,RB,Florida International
351,Drew Stevens,K,Iowa
352,Bryce Foster,IOL,Kansas
353,Wesley Bissainthe,LB,Miami (FL)
354,Jalen Catalon,S,Missouri
355,Derek Simmons,OT,Oklahoma
356,TJ Guy,EDGE,Michigan
357,Dayon Hayes,EDGE,Texas A&M
358,Tanner Arkin,TE,Illinois
359,Caden Barnett,OT,Wyoming
360,Chip Trayanum,RB,Toledo
361,Alan Herron,IOL,Maryland
362,Jalil Farooq,WR,Maryland
363,Jaren Kanak,TE,Oklahoma
364,Jameson Geers,TE,Minnesota
365,D.Q. Smith,S,South Carolina
366,Austin Brown,S,Wisconsin
367,Caden Fordham,LB,NC State
368,Giovanni El-Hadi,IOL,Michigan
369,Karson Sharar,LB,Iowa
370,Declan Williams,LB,Incarnate Word
371,Jack Stonehouse,P,Syracuse
372,Tyler Duzansky,LS,Penn State
373,Kentrel Bullock,RB,South Alabama
374,Gary Smith III,DL,UCLA
375,Dillon Wade,IOL,Auburn
376,Michael Wortham,WR,Montana
377,Evan Beerntsen,IOL,Northwestern
378,David Blay,DL,Miami (FL)
379,Dean Connors,RB,Houston
380,Michael Heldman,EDGE,Central Michigan
381,James Neal,IOL,Iowa State
382,Aidan Hubbard,EDGE,Northwestern
383,Skyler Thomas,S,Oregon State
384,Isaiah Jatta,OT,BYU
385,Jeffrey M'ba,DL,SMU
386,Trebor Pena,WR,Penn State
387,Bernard Gooden,DL,LSU
388,Cole Brevard,DL,Texas
389,Connor Tollison,IOL,Missouri
390,Rocco Spindler,IOL,Nebraska
391,Garrison Grimes,LS,BYU
392,Ethan Hurkett,EDGE,Iowa
393,Pete Nygra,IOL,Louisville
394,Ricardo Hallman,CB,Wisconsin
395,Jalen Logan-Redding,DL,Minnesota
396,Wade Woodaz,LB,Clemson
397,Nick Andersen,S,Wake Forest
398,Jayden Williams,OT,Mississippi
399,Dariel Djabome,LB,Rutgers
400,Devin Voisin,WR,South Alabama
401,Jamal Haynes,RB,Georgia Tech
402,Karon Prunty,CB,Wake Forest
403,Keeshawn Silver,DL,USC
404,TJ Quinn,S,Louisville
405,Jake Retzlaff,QB,Tulane
406,Miller Moss,QB,Louisville
407,Jarod Washington,CB,South Carolina State
408,Delby Lemieux,IOL,Dartmouth
409,Kolbey Taylor,CB,Vanderbilt
410,Will Pauling,WR,Notre Dame
411,E.J. Williams,WR,Indiana
412,Jaren Kump,IOL,Utah
413,Tomas Rimac,IOL,Virginia Tech
414,Kyron Drones,QB,Virginia Tech
415,Christian Jones,OT,San Diego State
416,Jalen Walthall,WR,Incarnate Word
417,Jaden Keller,LB,Virginia Tech
418,Max Tomzcak,WR,Youngstown State
419,Rara Thomas,WR,Troy
420,Thomas Castellanos,QB,Florida State
421,Joe Cooper,OT,Slippery Rock
422,Romello Brinson,WR,SMU
423,Maverick McIvor,QB,Western Kentucky
424,Dequan Finn,QB,Miami (OH)
425,Devan Boykin,S,Indiana
426,Donaven Mcculley,WR,Michigan
427,Hank Beatty,WR,Illinois
428,Byron Cardwell,RB,San Diego State
429,Chris Hilton,WR,LSU
430,Bryan Thomas Jr.,EDGE,South Carolina
431,Keelan Marion,WR,Miami (FL)
432,Garrett DiGiorgio,OT,UCLA
433,Wydett Williams Jr.,S,Mississippi
434,Jacob Thomas,S,James Madison
435,Jeadyn Lukus,CB,Clemson
436,Ryan Eckley,P,Michigan State
437,Reuben Unije,OT,UCLA
438,Clay Patterson,DL,Stanford
439,Khalil Dinkins,TE,Penn State
440,Jackie Marshall,DL,Baylor
441,Bakyne Coly,OT,Purdue
442,Aaron Graves,DL,Iowa
443,West Weeks,LB,LSU
444,Jalen McMurray,CB,Tennessee
445,Al'zillion Hamilton,CB,Fresno State
446,Keyshawn James-Newby,EDGE,New Mexico
447,Myles Rowser,S,Arizona State
448,Dontae Balfour,CB,Texas Tech
449,Seydou Traore,TE,Mississippi State
450,Terry Webb,DL,SMU
451,Curtis Allen,RB,Virginia Union
452,Blake Cotton,CB,Utah
453,Ka'ena Decambra,IOL,Arizona
454,Kalil Alexander,EDGE,Texas State
455,Izavion Miller,OT,Auburn
456,P.J. Williams,OT,SMU
457,Jakari Foster,S,Louisiana Tech
458,Calvin Simpson-Hunt,CB,Baylor
459,Jaiden Ausberry,LB,Notre Dame
460,Makari Vickers,CB,Colorado
461,Derion Gullette,EDGE,Mississippi State
462,Troy Bowles,LB,Michigan
463,Samuel M'Pemba,EDGE,Texas A&M
464,Jaybron Harvey,EDGE,North Carolina
465,Lewis Carter,LB,UCF
466,Nathan Leacock,WR,North Carolina
467,Ayden Williams,WR,Mississippi State
468,Jaylon Braxton,CB,Mississippi
469,Raymond Cottrell,WR,West Alabama
470,Jameial Lyons,EDGE,Penn State
471,Bravion Rogers,CB,Texas A&M
472,Braylon James,WR,TCU
473,Bai Jobe,EDGE,Miami (OH)
474,Markee Anderson,IOL,South Carolina
475,Ryan Niblett,WR,Texas
476,Shamurad Umarov,OT,Tennessee
477,Brenan Vernon,DL,Notre Dame
478,Jason Moore,DL,Ohio State
479,Joshua Padilla,IOL,Ohio State
480,Grayson Loftis,QB,Charlotte
481,Sedrick Alexander,RB,Vanderbilt
482,A'Marion McCoy,CB,Boise State
483,Calvin Clements,OT,Kansas
484,James Durand,IOL,Western Illinois
485,Davin Stoffel,TE,Illinois
486,Kansei Matsuzawa,K,Hawaii
487,Denver Harris,CB,UNLV
488,Travis Shaw,DL,Texas
489,Antonio Gates Jr.,WR,Delaware State
490,J.Q. Hardaway,CB,Kentucky
491,Maalik Murphy,QB,Oregon State
492,Khurtiss Perry,DL,Jacksonville State
493,Tobias Merriweather,WR,Utah
494,Braylin Presley,WR,Tulsa
495,Dayne Shor,OT,Akron
496,Popeye Williams,EDGE,Western Michigan
497,Dasan McCullough,EDGE,Nebraska
498,Shawn Murphy,LB,South Carolina
499,Jaylon Glover,RB,UNLV
500,Cam Miller,CB,Rutgers
501,Keaten Wade,EDGE,Colorado
502,Collin Sadler,OT,Clemson
503,Justice Finkley,EDGE,Kansas
504,Holden Staes,TE,Indiana
505,Kobe Prentice,WR,Baylor
506,C.J. Williams,WR,Stanford
507,Kaleb Brown,WR,UAB
508,Julian Armella,IOL,UCLA
509,Jamari Lyons,DL,Florida
510,Cole Hutson,IOL,Texas
511,Kyion Grayes,WR,California
512,TreVonte Citizen,RB,McNeese State
513,Zion Branch,S,Georgia
514,Jayden Virgin-Morgan,EDGE,Boise State
515,Amari Niblack,TE,Texas A&M
516,Malick Sylla,EDGE,Mississippi State
517,Jacolby Spells,CB,West Virginia
518,Kyron Barnes,OT,Nicholls
519,Deshaun Lee,CB,Iowa
520,Tyler Perkins,P,Iowa State
521,Nate Johnson,QB,Utah
522,Darren Agu,EDGE,New Mexico
523,Gavin Gibson,CB,North Carolina
524,Kam Olds,EDGE,Kentucky
525,Carsen Ryan,TE,BYU
526,Cameron Robertson,EDGE,SMU
527,Braxton Fely,DL,Boise State
528,Van Wells,IOL,Oregon State
529,Wendell Moe Jr.,IOL,Tennessee
530,Andrew Paul,RB,Jacksonville State
531,Owen McCown,QB,UTSA
532,Cade McConnell,IOL,Vanderbilt
533,Jahiem Lawson,EDGE,Clemson
534,Pichon Wimbley,IOL,Georgia Southern
535,Davion Carter,IOL,Texas Tech
536,Eddie Kelly,DL,West Virginia
537,Damonic Williams,DL,Oklahoma
538,Richard Reese,RB,Stephen F. Austin
539,Savion Red,RB,Sacramento State
540,John Bock II,IOL,Tulane
541,Jeremiah Earby,CB,Boise State
542,Josh Kattus,TE,Kentucky
543,Malik Spencer,S,Michigan State
544,Jerry Wilson,CB,Florida State
545,Justus Ross-Simmons,WR,Syracuse
546,Squirrel White,WR,Florida State
547,Jordan Pollard,LB,San Jose State
548,Jackson Lee,LS,Florida Atlantic
549,Lance St. Louis,LS,Texas
550,Bryan McCoy,LB,Oklahoma State
551,Desmeal Leigh,OT,Youngstown State
552,Omar Aigbedion,IOL,Baylor
553,Liam Becher,IOL,North Dakota
554,Quinten Christensen,IOL,South Dakota State
555,Maurice Westmoreland,EDGE,Tulane
556,Korey Foreman,EDGE,Fresno State
557,Sage Ryan,S,Mississippi
558,Damon Payne,DL,Michigan
559,Armoni Goodwin,RB,UT Martin
560,Jonathan Jefferson,DL,SMU
561,Christian Leary,WR,Western Michigan
562,Reid Carrico,LB,West Virginia
563,Avante Dickerson,CB,Arkansas State
564,Raesjon Davis,LB,Oregon State
565,Kadarius Calloway,RB,New Mexico State
566,Ty Thompson,TE,Tulane
567,Zaire Patterson,EDGE,Clemson
568,Keli Lawson,LB,UCF
569,Bram Walden,IOL,Arizona State
570,Dacari Collins,WR,Louisville
571,Teddy Prochazka,OT,Nebraska
572,Gabriel Rubio,DL,Notre Dame
573,Kelvin Gilliam,DL,Virginia Tech
574,Elliot Donald,DL,Pittsburgh
575,Deion Colzie,WR,Miami (OH)
576,Shadrach Banks,LB,UTSA
577,Marcus Burris,DL,Memphis
578,Reuben Fatheree II,OT,Texas A&M
579,Kyron Ware-Hudson,WR,Penn State
580,Kaidon Salter,QB,Colorado
581,Prince Kollie,LB,Vanderbilt
582,Malik McClain,WR,Arizona State
583,Clayton Smith,EDGE,Arizona State
584,JoJo Earle,WR,UNLV
585,Zen Michalski,OT,Indiana
586,Latrell McCutchin,CB,Houston
587,Bryce Carter,DL,Texas State
588,Nyland Green,CB,Arizona State
589,Jayden Ballard,WR,Wisconsin
590,Damarius McGhee,CB,Florida Atlantic
591,J.P. Benzschawel,IOL,Wisconsin
592,Preston Stone,QB,Northwestern
593,Terrence Ferguson II,IOL,Syracuse
594,Trevion Cooley,RB,Troy
595,Savion Byrd,IOL,SMU
596,David Daniel-Sisavanh,S,Troy
597,Ethan Calvert,LB,Cal Poly
598,Jaylin Davies,CB,Oklahoma State
599,Raheem Anderson,IOL,Western Michigan
600,Tywone Malone,DL,Ohio State
601,L.J. Johnson Jr.,RB,California
602,Keanu Koht,EDGE,Vanderbilt
603,Cade Denhoff,EDGE,Clemson
604,Chamon Metayer,TE,Arizona State
605,Logan Diggs,RB,Mississippi
606,Dorion Strawn,OT,Texas State
607,Ryan Mosesso,OT,UMass
608,Devean Deal,EDGE,TCU
609,Daylan Carnell,S,Missouri
610,Jordan Favors,S,Appalachian State
611,Alton McCaskill IV,RB,Sam Houston State
612,Barika Kpeenu,RB,North Dakota State
613,Tiaoalii Savea,DL,Arizona
614,Jayden Thomas,WR,Virginia
615,Jerand Bradley,WR,Kansas State
616,Jason Henderson,LB,Old Dominion
617,Jared Brown,WR,South Carolina
618,Joseph Manjack IV,WR,TCU
619,Roy Williams,EDGE,Northern Illinois
620,Shyheim Brown,S,Florida State
621,Darian Chestnut,CB,Syracuse
622,Andrel Anthony,WR,Duke
623,Dylan Rosiek,LB,Illinois
624,Mason Murphy,OT,Auburn
625,Khordae Sydnor,EDGE,Vanderbilt
626,Sean Brown,LB,NC State
627,Cade Zimmerly,IOL,Bowling Green
628,Bruno Onwuazor,OT,Virginia State
629,Kamryn Waites,IOL,Florida
630,Ashton Grable,IOL,Florida A&M
631,Bert Auburn,K,Miami (FL)
632,Ross James,P,Oregon
633,Tony Grimes,CB,Purdue
634,Demon Clowney,EDGE,South Carolina
635,Turner Corcoran,IOL,Nebraska
636,Malcolm Greene,S,UMass
637,Key Lawrence,CB,UCLA
638,Walker Parks,IOL,Clemson
639,Aki Ogunbiyi,IOL,Colorado
640,Zykeivous Walker,DL,Auburn
641,Tyler Van Dyke,QB,SMU
642,Roydell Williams,RB,Florida State
643,Drew Pyne,QB,Bowling Green
644,Xavion Alford,S,Arizona State
645,Reggie Grimes,EDGE,Memphis
646,Stephen Dix Jr.,LB,Arkansas
647,Tosh Baker,OT,Notre Dame
648,Dominic Bailey,EDGE,Tennessee
649,Jeff Sims,QB,Arizona State
650,Chad Lindberg,IOL,North Carolina
651,Bangally Kamara,LB,Kansas
652,E.J. Smith,RB,Texas A&M
653,Stefon Thompson,LB,Florida State
654,Ja'Mori Maclin,WR,Kentucky
655,Hunter Zambrano,IOL,Texas Tech
656,Ben Bell,EDGE,Virginia Tech
657,Nick Dawkins,IOL,Penn State
658,Dominic Richardson,RB,Tulsa
659,Cam Porter,RB,Northwestern
660,Will Shaffer,LB,Abilene Christian
661,Payton Zdroik,DL,Air Force
662,Jordan White,IOL,Vanderbilt
663,Gilber Edmond,EDGE,South Carolina
664,Jahmeer Carter,DL,Virginia
665,Nate Rutchena,TE,UC Davis
666,Jimari Butler,EDGE,LSU
667,D.J. Graham,CB,Kansas
668,Devin Neal,S,Virginia
669,Leon Lowery Jr.,LB,Illinois
670,Luke Petitbon,IOL,Florida State
671,Jalen Berger,RB,UCLA
672,Xavier Hill,IOL,Colorado
673,Courtland Ford,OT,UCLA
674,Alex Wollschlaeger,OT,Kentucky
675,Tyree Skipper,S,Louisiana-Lafayette
676,Sabastian Harsh,DL,NC State
677,Tay Yanta II,IOL,North Texas
678,Matthew Sluka,QB,James Madison
679,Ja'Varrius Johnson,WR,UCF
680,Donavon Greene,WR,Virginia Tech
681,Cade McNamara,QB,East Tennessee State
682,Antonio Clary,S,Virginia
683,Ben Coleman,IOL,Arizona State
684,Isheem Young,S,Memphis
685,Matthew Bedford,OT,Oregon
686,Zach Calzada,QB,Kentucky
