1,1,Fernando Mendoza,Indiana,QB,2026-04-02,,,Indiana,Big Ten,35
2,2,Arvell Reese,Ohio State,LB,2026-04-02,,,Ohio,Big Ten,35
3,3,David Bailey,Texas Tech,EDGE,2026-04-02,,,Texas,Big 12,35
4,4,Jeremiyah Love,Notre Dame,RB,2026-04-02,,,Indiana,FBS - Independent,35
5,5,Francis Mauigoa,Miami (FL),OT,2026-04-02,,,Florida,ACC,35
6,6,Sonny Styles,Ohio State,LB,2026-04-02,,,Ohio,Big Ten,35
7,7,Rueben Bain,Miami (FL),EDGE,2026-04-02,,,Florida,ACC,35
8,8,Carnell Tate,Ohio State,WR,2026-04-02,,,Ohio,Big Ten,35
9,9,Caleb Downs,Ohio State,S,2026-04-02,,,Ohio,Big Ten,35
10,10,Mansoor Delane,LSU,CB,2026-04-02,,,Louisiana,SEC,35
11,11,Monroe Freeling,Georgia,OT,2026-04-02,,,Georgia,SEC,30
12,12,Spencer Fano,Utah,OT,2026-04-02,,,Utah,Big 12,30
13,13,Makai Lemon,USC,WR,2026-04-02,,,California,Big Ten,30
14,14,Jordyn Tyson,Arizona State,WR,2026-04-02,,,Arizona,Big 12,30
15,15,Jermod McCoy,Tennessee,CB,2026-04-02,,,Tennessee,SEC,30
16,16,Olaivavega Ioane,Penn State,IOL,2026-04-02,,,Pennsylvania,Big Ten,30
17,17,Kenyon Sadiq,Oregon,TE,2026-04-02,,,Oregon,Big Ten,30
18,18,Dillon Thieneman,Oregon,S,2026-04-02,,,Oregon,Big Ten,30
19,19,Keldric Faulk,Auburn,EDGE,2026-04-02,,,Alabama,SEC,30
20,20,Akheem Mesidor,Miami (FL),EDGE,2026-04-02,,,Florida,ACC,30
21,21,Kadyn Proctor,Alabama,OT,2026-04-02,,,Alabama,SEC,30
22,22,Avieon Terrell,Clemson,CB,2026-04-02,,,South Carolina,ACC,30
23,23,Caleb Lomu,Utah,OT,2026-04-02,,,Utah,Big 12,30
24,24,Omar Cooper Jr.,Indiana,WR,2026-04-02,,,Indiana,Big Ten,30
25,25,Peter Woods,Clemson,DL,2026-04-02,,,South Carolina,ACC,30
26,26,Emmanuel McNeil-Warren,Toledo,S,2026-04-02,,,Ohio,FBS - MAC,25
27,27,Denzel Boston,Washington,WR,2026-04-02,,,Washington,Big Ten,25
28,28,T.J. Parker,Clemson,EDGE,2026-04-02,,,South Carolina,ACC,25
29,29,Blake Miller,Clemson,OT,2026-04-02,,,South Carolina,ACC,25
30,30,Ty Simpson,Alabama,QB,2026-04-02,,,Alabama,SEC,25
31,31,Kevin Concepcion,Texas A&M,WR,2026-04-02,,,Texas,SEC,25
32,32,Kayden McDonald,Ohio State,DL,2026-04-02,,,Ohio,Big Ten,25
33,33,C.J. Allen,Georgia,LB,2026-04-02,,,Georgia,SEC,25
34,34,Colton Hood,Tennessee,CB,2026-04-02,,,Tennessee,SEC,25
35,35,Cashius Howell,Texas A&M,EDGE,2026-04-02,,,Texas,SEC,25
36,36,Caleb Banks,Florida,DL,2026-04-02,,,Florida,SEC,20
37,37,Max Iheanachor,Arizona State,OT,2026-04-02,,,Arizona,Big 12,20
38,38,Zion Young,Missouri,EDGE,2026-04-02,,,Missouri,SEC,20
39,39,Emmanuel Pregnon,Oregon,IOL,2026-04-02,,,Oregon,Big Ten,20
40,40,Brandon Cisse,South Carolina,CB,2026-04-02,,,South Carolina,SEC,20
41,41,Malachi Lawrence,UCF,EDGE,2026-04-02,,,Florida,Big 12,20
42,42,Chris Johnson,San Diego State,CB,2026-04-02,,,California,FBS - Mountain West,20
43,43,Jacob Rodriguez,Texas Tech,LB,2026-04-02,,,Texas,Big 12,20
44,44,Chase Bisontis,Texas A&M,IOL,2026-04-02,,,Texas,SEC,20
45,45,Christen Miller,Georgia,DL,2026-04-02,,,Georgia,SEC,20
46,46,Jadarian Price,Notre Dame,RB,2026-04-02,,,Indiana,FBS - Independent,20
47,47,R Mason Thomas,Oklahoma,EDGE,2026-04-02,,,Oklahoma,SEC,20
48,48,Lee Hunter,Texas Tech,DL,2026-04-02,,,Texas,Big 12,20
49,49,Anthony Hill Jr.,Texas,LB,2026-04-02,,,Texas,SEC,20
50,50,Chris Brazzell,Tennessee,WR,2026-04-02,,,Tennessee,SEC,20
51,51,Chris Bell,Louisville,WR,2026-04-02,,,Kentucky,ACC,20
52,52,D'angelo Ponds,Indiana,CB,2026-04-02,,,Indiana,Big Ten,20
53,53,Gabe Jacas,Illinois,EDGE,2026-04-02,,,Illinois,Big Ten,20
54,54,Eli Stowers,Vanderbilt,TE,2026-04-02,,,Tennessee,SEC,20
55,55,Germie Bernard,Alabama,WR,2026-04-02,,,Alabama,SEC,20
56,56,Jake Golday,Cincinnati,LB,2026-04-02,,,Ohio,Big 12,20
57,57,A.J. Haulcy,LSU,S,2026-04-02,,,Louisiana,SEC,20
58,58,Derrick Moore,Michigan,EDGE,2026-04-02,,,Michigan,Big Ten,20
59,59,Keionte Scott,Miami (FL),CB,2026-04-02,,,Florida,ACC,20
60,60,Josiah Trotter,Missouri,LB,2026-04-02,,,Missouri,SEC,15
61,61,Gennings Dunker,Iowa,OT,2026-04-02,,,Iowa,Big Ten,15
62,62,Keith Abney II,Arizona State,CB,2026-04-02,,,Arizona,Big 12,15
63,63,Treydan Stukes,Arizona,CB,2026-04-02,,,Arizona,Big 12,15
64,64,Keylan Rutledge,Georgia Tech,IOL,2026-04-02,,,Georgia,ACC,15
65,65,Mike Washington Jr.,Arkansas,RB,2026-04-02,,,Arkansas,SEC,15
66,66,Caleb Tiernan,Northwestern,OT,2026-04-02,,,Illinois,Big Ten,15
67,67,Antonio Williams,Clemson,WR,2026-04-02,,,South Carolina,ACC,15
68,68,Zachariah Branch,Georgia,WR,2026-04-02,,,Georgia,SEC,15
69,69,Malachi Fields,Notre Dame,WR,2026-04-02,,,Indiana,FBS - Independent,15
70,70,Dani Dennis-Sutton,Penn State,EDGE,2026-04-02,,,Pennsylvania,Big Ten,15
71,71,Connor Lew,Auburn,IOL,2026-04-02,,,Alabama,SEC,10
72,72,Max Klare,Ohio State,TE,2026-04-02,,,Ohio,Big Ten,10
73,73,Sam Hecht,Kansas State,IOL,2026-04-02,,,Kansas,Big 12,10
74,74,Domonique Orange,Iowa State,DL,2026-04-02,,,Iowa,Big 12,10
75,75,Kamari Ramsey,USC,S,2026-04-02,,,California,Big Ten,10
76,76,Elijah Sarratt,Indiana,WR,2026-04-02,,,Indiana,Big Ten,10
77,77,Kyle Louis,Pitt,LB,2026-04-02,,,Pennsylvania,ACC,10
78,78,Davison Igbinosun,Ohio State,CB,2026-04-02,,,Ohio,Big Ten,10
79,79,Ted Hurst,Georgia State,WR,2026-04-02,,,Georgia,FBS - Sun Belt,10
80,80,Joshua Josephs,Tennessee,EDGE,2026-04-02,,,Tennessee,SEC,10
81,81,Skyler Bell,UConn,WR,2026-04-02,,,Connecticut,FBS - AAC,10
82,82,Gracen Halton,Oklahoma,DL,2026-04-02,,,Oklahoma,SEC,10
83,83,Romello Height,Texas Tech,EDGE,2026-04-02,,,Texas,Big 12,10
84,84,Garrett Nussmeier,LSU,QB,2026-04-02,,,Louisiana,SEC,10
85,85,Genesis Smith,Arizona,S,2026-04-02,,,Arizona,Big 12,10
86,86,Darrell Jackson Jr.,Florida State,DL,2026-04-02,,,Florida,ACC,10
87,87,Bryce Lance,North Dakota State,WR,2026-04-02,,,North Dakota,FCS,10
88,88,Jalon Kilgore,South Carolina,S,2026-04-02,,,South Carolina,SEC,10
89,89,Bud Clark,TCU,S,2026-04-02,,,Texas,Big 12,10
90,90,Jonah Coleman,Washington,RB,2026-04-02,,,Washington,Big Ten,10
91,91,Zakee Wheatley,Penn State,S,2026-04-02,,,Pennsylvania,Big Ten,10
92,92,Oscar Delp,Georgia,TE,2026-04-02,,,Georgia,SEC,10
93,93,Malik Muhammad,Texas,CB,2026-04-02,,,Texas,SEC,10
94,94,Deion Burks,Oklahoma,WR,2026-04-02,,,Oklahoma,SEC,10
95,95,Julian Neal,Arkansas,CB,2026-04-02,,,Arkansas,SEC,10
96,96,Deontae Lawson,Alabama,LB,2026-04-02,,,Alabama,SEC,10
97,97,Dametrious Crownover,Texas A&M,OT,2026-04-02,,,Texas,SEC,10
98,98,Keyron Crawford,Auburn,EDGE,2026-04-02,,,Alabama,SEC,10
99,99,Jaishawn Barham,Michigan,LB,2026-04-02,,,Michigan,Big Ten,10
100,100,Jake Slaughter,Florida,IOL,2026-04-02,,,Florida,SEC,10
101,101,Devin Moore,Florida,CB,2026-04-02,,,Florida,SEC,8
102,102,L.T. Overton,Alabama,EDGE,2026-04-02,,,Alabama,SEC,8
103,103,Kaleb Proctor,Southeastern Louisiana,DL,2026-04-02,,,Louisiana,FCS,8
104,104,Chandler Rivers,Duke,CB,2026-04-02,,,North Carolina,ACC,8
105,105,Logan Jones,Iowa,IOL,2026-04-02,,,Iowa,Big Ten,8
106,106,Jalen Farmer,Kentucky,IOL,2026-04-02,,,Kentucky,SEC,8
107,107,Brian Parker II,Duke,OT,2026-04-02,,,North Carolina,ACC,8
108,108,Emmett Johnson,Nebraska,RB,2026-04-02,,,Nebraska,Big Ten,8
109,109,Sam Roush,Stanford,TE,2026-04-02,,,California,ACC,8
110,110,Dontay Corleone,Cincinnati,DL,2026-04-02,,,Ohio,Big 12,8
111,111,Daylen Everette,Georgia,CB,2026-04-02,,,Georgia,SEC,8
112,112,Ja'Kobi Lane,USC,WR,2026-04-02,,,California,Big Ten,8
113,113,Chris McClellan,Missouri,DL,2026-04-02,,,Missouri,SEC,8
114,114,Brenen Thompson,Mississippi State,WR,2026-04-02,,,Mississippi,SEC,8
115,115,Justin Joly,NC State,TE,2026-04-02,,,North Carolina,ACC,8
116,116,Drew Allar,Penn State,QB,2026-04-02,,,Pennsylvania,Big Ten,8
117,117,Zxavian Harris,Ole Miss,DL,2026-04-02,,,Mississippi,SEC,8
118,118,Michael Trigg,Baylor,TE,2026-04-02,,,Texas,Big 12,8
119,119,Carson Beck,Miami (FL),QB,2026-04-02,,,Florida,ACC,8
120,120,Will Lee III,Texas A&M,CB,2026-04-02,,,Texas,SEC,8
121,121,Jude Bowry,Boston College,OT,2026-04-02,,,Massachusetts,ACC,7
122,122,Harold Perkins,LSU,LB,2026-04-02,,,Louisiana,SEC,7
123,123,Tacario Davis,Washington,CB,2026-04-02,,,Washington,Big Ten,7
124,124,Hezekiah Masses,California,CB,2026-04-02,,,California,ACC,7
125,125,Zane Durant,Penn State,DL,2026-04-02,,,Pennsylvania,Big Ten,7
126,126,Billy Schrauth,Notre Dame,IOL,2026-04-02,,,Indiana,FBS - Independent,7
127,127,Kage Casey,Boise State,OT,2026-04-02,,,Idaho,FBS - Mountain West,7
128,128,Anthony Lucas,USC,EDGE,2026-04-02,,,California,Big Ten,7
129,129,Bryce Boettcher,Oregon,LB,2026-04-02,,,Oregon,Big Ten,7
130,130,Markel Bell,Miami (FL),OT,2026-04-02,,,Florida,ACC,7
131,131,Nick Singleton,Penn State,RB,2026-04-02,,,Pennsylvania,Big Ten,7
132,132,DeMonte Capehart,Clemson,DL,2026-04-02,,,South Carolina,ACC,7
133,133,Trey Zuhn III,Texas A&M,OT,2026-04-02,,,Texas,SEC,7
134,134,Kaleb Elarms-Orr,TCU,LB,2026-04-02,,,Texas,Big 12,7
135,135,Matt Gulbin,Michigan State,IOL,2026-04-02,,,Michigan,Big Ten,7
136,136,Austin Barber,Florida,OT,2026-04-02,,,Florida,SEC,7
137,137,Isaiah World,Oregon,OT,2026-04-02,,,Oregon,Big Ten,7
138,138,Parker Brailsford,Alabama,IOL,2026-04-02,,,Alabama,SEC,7
139,139,Joe Royer,Cincinnati,TE,2026-04-02,,,Ohio,Big 12,7
140,140,Tim Keenan III,Alabama,DL,2026-04-02,,,Alabama,SEC,7
141,141,Aiden Fisher,Indiana,LB,2026-04-02,,,Indiana,Big Ten,7
142,142,Demond Claiborne,Wake Forest,RB,2026-04-02,,,North Carolina,ACC,7
143,143,Rayshaun Benny,Michigan,DL,2026-04-02,,,Michigan,Big Ten,7
144,144,Ephesians Prysock,Washington,CB,2026-04-02,,,Washington,Big Ten,7
145,145,Kaytron Allen,Penn State,RB,2026-04-02,,,Pennsylvania,Big Ten,7
146,146,Keyshaun Elliott,Arizona State,LB,2026-04-02,,,Arizona,Big 12,7
147,147,Taurean York,Texas A&M,LB,2026-04-02,,,Texas,SEC,7
148,148,Eli Raridon,Notre Dame,TE,2026-04-02,,,Indiana,FBS - Independent,7
149,149,De'Zhaun Stribling,Ole Miss,WR,2026-04-02,,,Mississippi,SEC,7
150,150,Jack Endries,Texas,TE,2026-04-02,,,Texas,SEC,7
151,151,VJ Payne,Kansas State,S,2026-04-02,,,Kansas,Big 12,6
152,152,Kevin Coleman Jr.,Missouri,WR,2026-04-02,,,Missouri,SEC,6
153,153,Jager Burton,Kentucky,IOL,2026-04-02,,,Kentucky,SEC,6
154,154,Drew Shelton,Penn State,OT,2026-04-02,,,Pennsylvania,Big Ten,6
155,155,Jeremiah Wright,Auburn,IOL,2026-04-02,,,Alabama,SEC,6
156,156,Keagen Trost,Missouri,IOL,2026-04-02,,,Missouri,SEC,6
157,157,Beau Stephens,Iowa,IOL,2026-04-02,,,Iowa,Big Ten,6
158,158,Josh Cameron,Baylor,WR,2026-04-02,,,Texas,Big 12,6
159,159,TJ Hall,Iowa,CB,2026-04-02,,,Iowa,Big Ten,6
160,160,Taylen Green,Arkansas,QB,2026-04-02,,,Arkansas,SEC,6
161,161,Jeff Caldwell,Cincinnati,WR,2026-04-02,,,Ohio,Big 12,6
162,162,Charles Demmings,Stephen F. Austin,CB,2026-04-02,,,Texas,FCS,6
163,163,Cole Payton,North Dakota State,QB,2026-04-02,,,North Dakota,FCS,6
164,164,Caden Curry,Ohio State,EDGE,2026-04-02,,,Ohio,Big Ten,6
165,165,J.C. Davis,Illinois,OT,2026-04-02,,,Illinois,Big Ten,6
166,166,Tyreak Sapp,Florida,EDGE,2026-04-02,,,Florida,SEC,6
167,167,Seth McGowan,Kentucky,RB,2026-04-02,,,Kentucky,SEC,6
168,168,Dallen Bentley,Utah,TE,2026-04-02,,,Utah,Big 12,6
169,169,Mikail Kamara,Indiana,EDGE,2026-04-02,,,Indiana,Big Ten,6
170,170,Nate Boerkircher,Texas A&M,TE,2026-04-02,,,Texas,SEC,6
171,171,Ar'maj Reed-Adams,Texas A&M,IOL,2026-04-02,,,Texas,SEC,6
172,172,Max Llewellyn,Iowa,EDGE,2026-04-02,,,Iowa,Big Ten,6
173,173,Kaelon Black,Indiana,RB,2026-04-02,,,Indiana,Big Ten,6
174,174,Diego Pounds,Ole Miss,OT,2026-04-02,,,Mississippi,SEC,6
175,175,Dae'Quan Wright,Ole Miss,TE,2026-04-02,,,Mississippi,SEC,6
176,176,Jadon Canady,Oregon,CB,2026-04-02,,,Oregon,Big Ten,6
177,177,Cyrus Allen,Cincinnati,WR,2026-04-02,,,Ohio,Big 12,6
178,178,Jimmy Rolder,Michigan,LB,2026-04-02,,,Michigan,Big Ten,6
179,179,Cade Klubnik,Clemson,QB,2026-04-02,,,South Carolina,ACC,6
180,180,Albert Regis,Texas A&M,DL,2026-04-02,,,Texas,SEC,6
181,181,Michael Taaffe,Texas,S,2026-04-02,,,Texas,SEC,5
182,182,Eric McAlister,TCU,WR,2026-04-02,,,Texas,Big 12,5
183,183,Vincent Anthony Jr.,Duke,EDGE,2026-04-02,,,North Carolina,ACC,5
184,184,Adam Randall,Clemson,RB,2026-04-02,,,South Carolina,ACC,5
185,185,Nadame Tucker,Western Michigan,EDGE,2026-04-02,,,Michigan,FBS - MAC,5
186,186,George Gumbs Jr.,Florida,EDGE,2026-04-02,,,Florida,SEC,5
187,187,Pat Coogan,Indiana,IOL,2026-04-02,,,Indiana,Big Ten,5
188,188,Kendrick Law,Kentucky,WR,2026-04-02,,,Kentucky,SEC,5
189,189,Jaeden Roberts,Alabama,IOL,2026-04-02,,,Alabama,SEC,5
190,190,Marlin Klein,Michigan,TE,2026-04-02,,,Michigan,Big Ten,5
191,191,Landon Robinson,Navy,DL,2026-04-02,,,Maryland,FBS - AAC,5
192,192,Tyler Onyedim,Texas A&M,DL,2026-04-02,,,Texas,SEC,5
193,193,Eli Heidenreich,Navy,WR,2026-04-02,,,Maryland,FBS - AAC,5
194,194,Trey Moore,Texas,EDGE,2026-04-02,,,Texas,SEC,5
195,195,Reggie Virgil,Texas Tech,WR,2026-04-02,,,Texas,Big 12,5
196,196,Justin Jefferson,Alabama,LB,2026-04-02,,,Alabama,SEC,5
197,197,Jack Kelly,BYU,LB,2026-04-02,,,Utah,Big 12,5
198,198,Devon Marshall,NC State,CB,2026-04-02,,,North Carolina,ACC,5
199,199,Jalen Huskey,Maryland,CB,2026-04-02,,,Maryland,Big Ten,5
200,200,Tanner Koziol,Houston,TE,2026-04-02,,,Texas,Big 12,5
201,201,Aamil Wagner,Notre Dame,OT,2026-04-02,,,Indiana,FBS - Independent,5
202,202,Louis Moore,Indiana,S,2026-04-02,,,Indiana,Big Ten,5
203,203,D.J. Campbell,Texas,IOL,2026-04-02,,,Texas,SEC,5
204,204,C.J. Daniels,Miami (FL),WR,2026-04-02,,,Florida,ACC,5
205,205,Matthew Hibner,SMU,TE,2026-04-02,,,Texas,ACC,5
206,206,Jakobe Thomas,Miami (FL),S,2026-04-02,,,Florida,ACC,5
207,207,Domani Jackson,Alabama,CB,2026-04-02,,,Alabama,SEC,5
208,208,John Michael Gyllenborg,Wyoming,TE,2026-04-02,,,Wyoming,FBS - Mountain West,5
209,209,Anez Cooper,Miami (FL),IOL,2026-04-02,,,Florida,ACC,5
210,210,Tyren Montgomery,John Carroll,WR,2026-04-02,,,Ohio,D3,5
211,211,Thaddeus Dixon,North Carolina,CB,2026-04-02,,,North Carolina,ACC,5
212,212,Febechi Nwaiwu,Oklahoma,IOL,2026-04-02,,,Oklahoma,SEC,5
213,213,Sawyer Robertson,Baylor,QB,2026-04-02,,,Texas,Big 12,5
214,214,Nick Barrett,South Carolina,DL,2026-04-02,,,South Carolina,SEC,5
215,215,Lorenzo Styles Jr.,Ohio State,CB,2026-04-02,,,Ohio,Big Ten,5
216,216,Skyler Gill-Howard,Texas Tech,DL,2026-04-02,,,Texas,Big 12,5
217,217,J'Mari Taylor,Virginia,RB,2026-04-02,,,Virginia,ACC,5
218,218,Le'Veon Moss,Texas A&M,RB,2026-04-02,,,Texas,SEC,5
219,219,Red Murdock,Buffalo,LB,2026-04-02,,,New York,FBS - MAC,5
220,220,Mason Reiger,Wisconsin,EDGE,2026-04-02,,,Wisconsin,Big Ten,5
221,221,Eric Rivers,Georgia Tech,WR,2026-04-02,,,Georgia,ACC,5
222,222,Owen Heinecke,Oklahoma,LB,2026-04-02,,,Oklahoma,SEC,5
223,223,Andre Fuller,Toledo,CB,2026-04-02,,,Ohio,FBS - MAC,5
224,224,Lander Barton,Utah,LB,2026-04-02,,,Utah,Big 12,5
225,225,Alex Harkey,Oregon,OT,2026-04-02,,,Oregon,Big Ten,5
226,226,Fa'alili Fa'amoe,Wake Forest,OT,2026-04-02,,,North Carolina,ACC,5
227,227,Will Kacmarek,Ohio State,TE,2026-04-02,,,Ohio,Big Ten,5
228,228,Josh Cuevas,Alabama,TE,2026-04-02,,,Alabama,SEC,5
229,229,Logan Taylor,Boston College,IOL,2026-04-02,,,Massachusetts,ACC,5
230,230,Kaden Wetjen,Iowa,WR,2026-04-02,,,Iowa,Big Ten,5
231,231,Bishop Fitzgerald,USC,S,2026-04-02,,,California,Big Ten,5
232,232,Robert Spears-Jennings,Oklahoma,S,2026-04-02,,,Oklahoma,SEC,5
233,233,Quintayvious Hutchins,Boston College,EDGE,2026-04-02,,,Massachusetts,ACC,5
234,234,J.Michael Sturdivant,Florida,WR,2026-04-02,,,Florida,SEC,5
235,235,Bryson Eason,Tennessee,DL,2026-04-02,,,Tennessee,SEC,5
236,236,Roman Hemby,Indiana,RB,2026-04-02,,,Indiana,Big Ten,5
237,237,Luke Altmyer,Illinois,QB,2026-04-02,,,Illinois,Big Ten,5
238,238,Desmond Reid,Pitt,RB,2026-04-02,,,Pennsylvania,ACC,5
239,239,Fernando Carmona,Arkansas,IOL,2026-04-02,,,Arkansas,SEC,5
240,240,Cole Wisniewski,Texas Tech,S,2026-04-02,,,Texas,Big 12,5
241,241,Eric Gentry,USC,LB,2026-04-02,,,California,Big Ten,5
242,242,Aaron Anderson,LSU,WR,2026-04-02,,,Louisiana,SEC,5
243,243,Carver Willis,Washington,OT,2026-04-02,,,Washington,Big Ten,5
244,244,Caleb Douglas,Texas Tech,WR,2026-04-02,,,Texas,Big 12,5
245,245,Chase Roberts,BYU,WR,2026-04-02,,,Utah,Big 12,5
246,246,Micah Morris,Georgia,IOL,2026-04-02,,,Georgia,SEC,5
247,247,Cameron Ball,Arkansas,DL,2026-04-02,,,Arkansas,SEC,5
248,248,Jeremiah Williams,Texas A&M,EDGE,2026-04-02,,,Texas,SEC,5
249,249,Nolan Rucci,Penn State,OT,2026-04-02,,,Pennsylvania,Big Ten,5
250,250,Jamarion Miller,Alabama,RB,2026-04-02,,,Alabama,SEC,5
251,251,Barion Brown,LSU,WR,2026-04-02,,,Louisiana,SEC,2
252,252,Jack Pyburn,LSU,EDGE,2026-04-02,,,Louisiana,SEC,2
253,253,Ahmari Harvey,Georgia Tech,CB,2026-04-02,,,Georgia,ACC,2
254,254,Toriano Pride,Missouri,CB,2026-04-02,,,Missouri,SEC,2
255,255,Logan Fano,Utah,EDGE,2026-04-02,,,Utah,Big 12,2
256,256,Wesley Williams,Duke,DL,2026-04-02,,,North Carolina,ACC,2
257,257,DJ Rogers,TCU,TE,2026-04-02,,,Texas,Big 12,2
258,258,Ethan Burke,Texas,EDGE,2026-04-02,,,Texas,SEC,2
259,259,Jordan van den Berg,Georgia Tech,DL,2026-04-02,,,Georgia,ACC,2
260,260,James Thompson Jr.,Illinois,DL,2026-04-02,,,Illinois,Big Ten,2
261,261,Patrick Payton,LSU,EDGE,2026-04-02,,,Louisiana,SEC,2
262,262,Robert Henry Jr.,UTSA,RB,2026-04-02,,,Texas,FBS - AAC,2
263,263,Travis Burke,Memphis,OT,2026-04-02,,,Tennessee,FBS - AAC,2
264,264,Rahsul Faison,South Carolina,RB,2026-04-02,,,South Carolina,SEC,2
265,265,Jaydn Ott,Oklahoma,RB,2026-04-02,,,Oklahoma,SEC,2
266,266,Collin Wright,Stanford,CB,2026-04-02,,,California,ACC,2
267,267,Riley Nowakowski,Indiana,TE,2026-04-02,,,Indiana,Big Ten,2
268,268,Isaiah Nwokobia,SMU,S,2026-04-02,,,Texas,ACC,2
269,269,Lance Mason,Wisconsin,TE,2026-04-02,,,Wisconsin,Big Ten,2
270,270,Brent Austin,California,CB,2026-04-02,,,California,ACC,2
271,271,Deven Eastern,Minnesota,DL,2026-04-02,,,Minnesota,Big Ten,2
272,272,Marcus Allen,North Carolina,CB,2026-04-02,,,North Carolina,ACC,2
273,273,Jalon Daniels,Kansas,QB,2026-04-02,,,Kansas,Big 12,2
274,274,Ahmaad Moses,SMU,S,2026-04-02,,,Texas,ACC,2
275,275,Zavion Thomas,LSU,WR,2026-04-02,,,Louisiana,SEC,2
276,276,Ceyair Wright,Nebraska,CB,2026-04-02,,,Nebraska,Big Ten,2
277,277,Dillon Bell,Georgia,WR,2026-04-02,,,Georgia,SEC,2
278,278,Xavian Sorey Jr.,Arkansas,LB,2026-04-02,,,Arkansas,SEC,2
279,279,Avery Smith,Toledo,CB,2026-04-02,,,Ohio,FBS - MAC,2
280,280,Brandon Cleveland,NC State,DL,2026-04-02,,,North Carolina,ACC,2
281,281,Jalen Stroman,Notre Dame,S,2026-04-02,,,Indiana,FBS - Independent,2
282,282,Miles Kitselman,Tennessee,TE,2026-04-02,,,Tennessee,SEC,2
283,283,Brett Thorson,Georgia,P,2026-04-02,,,Georgia,SEC,2
284,284,Vinny Anthony II,Wisconsin,WR,2026-04-02,,,Wisconsin,Big Ten,2
285,285,Devonta Smith,Notre Dame,CB,2026-04-02,,,Indiana,FBS - Independent,2
286,286,Jaylon Guilbeau,Texas,CB,2026-04-02,,,Texas,SEC,2
287,287,DeShon Singleton,Nebraska,S,2026-04-02,,,Nebraska,Big Ten,2
288,288,Cian Slone,NC State,EDGE,2026-04-02,,,North Carolina,ACC,2
289,289,C.J. Donaldson,Ohio State,RB,2026-04-02,,,Ohio,Big Ten,2
290,290,R.J. Maryland,SMU,TE,2026-04-02,,,Texas,ACC,2
291,291,Noah Thomas,Georgia,WR,2026-04-02,,,Georgia,SEC,2
292,292,Haynes King,Georgia Tech,QB,2026-04-02,,,Georgia,ACC,2
293,293,Marvin Jones Jr.,Oklahoma,EDGE,2026-04-02,,,Oklahoma,SEC,2
294,294,Trey Smack,Florida,K,2026-04-02,,,Florida,SEC,2
295,295,Nyjalik Kelly,UCF,EDGE,2026-04-02,,,Florida,Big 12,2
296,296,Caullin Lacy,Louisville,WR,2026-04-02,,,Kentucky,ACC,2
297,297,Noah Whittington,Oregon,RB,2026-04-02,,,Oregon,Big Ten,2
298,298,Max Bredeson,Michigan,RB,2026-04-02,,,Michigan,Big Ten,2
299,299,Behren Morton,Texas Tech,QB,2026-04-02,,,Texas,Big 12,2
300,300,Jackson Kuwatch,Miami (OH),EDGE,2026-04-02,,,Ohio,FBS - MAC,2
301,301,Dalton Johnson,Arizona,S,2026-04-02,,,Arizona,Big 12,1
302,302,Enrique Cruz Jr.,Kansas,OT,2026-04-02,,,Kansas,Big 12,1
303,303,David Gusta,Kentucky,DL,2026-04-02,,,Kentucky,SEC,1
304,304,Jordan Hudson,SMU,WR,2026-04-02,,,Texas,ACC,1
305,305,Chris Adams,Memphis,IOL,2026-04-02,,,Tennessee,FBS - AAC,1
306,306,Tommy Doman,Florida,P,2026-04-02,,,Florida,SEC,1
307,307,Dominic Zvada,Michigan,K,2026-04-02,,,Michigan,Big Ten,1
308,308,Kendal Daniels,Oklahoma,S,2026-04-02,,,Oklahoma,SEC,1
309,309,Harrison Wallace III,Ole Miss,WR,2026-04-02,,,Mississippi,SEC,1
310,310,Xavier Nwankpa,Iowa,S,2026-04-02,,,Iowa,Big Ten,1
311,311,Lewis Bond,Boston College,WR,2026-04-02,,,Massachusetts,ACC,1
312,312,Lake McRee,USC,TE,2026-04-02,,,California,Big Ten,1
313,313,Diego Pavia,Vanderbilt,QB,2026-04-02,,,Tennessee,SEC,1
314,314,Joe Fagnano,UConn,QB,2026-04-02,,,Connecticut,FBS - AAC,1
315,315,Tristan Leigh,Clemson,OT,2026-04-02,,,South Carolina,ACC,1
316,316,Joey Aguilar,Tennessee,QB,2026-04-02,,,Tennessee,SEC,1
317,317,Ethan Onianwa,Ohio State,OT,2026-04-02,,,Ohio,Big Ten,1
318,318,Colbie Young,Georgia,WR,2026-04-02,,,Georgia,SEC,1
319,319,Aaron Hall,Duke,DL,2026-04-02,,,North Carolina,ACC,1
320,320,Dan Villari,Syracuse,TE,2026-04-02,,,New York,ACC,1
321,321,Malik Benson,Oregon,WR,2026-04-02,,,Oregon,Big Ten,1
322,322,James Brockermeyer,Miami (FL),IOL,2026-04-02,,,Florida,ACC,1
323,323,Riley Mahlman,Wisconsin,OT,2026-04-02,,,Wisconsin,Big Ten,1
324,324,Bauer Sharp,LSU,TE,2026-04-02,,,Louisiana,SEC,1
325,325,Mark Gronowski,Iowa,QB,2026-04-02,,,Iowa,Big Ten,1
326,326,Micah Pettus,Florida State,OT,2026-04-02,,,Florida,ACC,1
327,327,Terion Stewart,Virginia Tech,RB,2026-04-02,,,Virginia,ACC,1
328,328,Jack Velling,Michigan State,TE,2026-04-02,,,Michigan,Big Ten,1
329,329,Namdi Obiazor,TCU,LB,2026-04-02,,,Texas,Big 12,1
330,330,Luke Basso,Oregon,LS,2026-04-02,,,Oregon,Big Ten,1
331,331,Fred Davis II,Northwestern,CB,2026-04-02,,,Illinois,Big Ten,1
332,332,Beau Gardner,Georgia,LS,2026-04-02,,,Georgia,SEC,1
333,333,Will Ferrin,BYU,K,2026-04-02,,,Utah,Big 12,1
334,334,DJ Harvey,USC,CB,2026-04-02,,,California,Big Ten,1
335,335,Tyre West,Tennessee,EDGE,2026-04-02,,,Tennessee,SEC,1
336,336,Kam Dewberry,Alabama,IOL,2026-04-02,,,Alabama,SEC,1
337,337,Eric O'Neill,Rutgers,EDGE,2026-04-02,,,New Jersey,Big Ten,1
338,338,Josh Thompson,LSU,IOL,2026-04-02,,,Louisiana,SEC,1
339,339,Emmanuel Henderson,Kansas,WR,2026-04-02,,,Kansas,Big 12,1
340,340,Miles Scott,Illinois,S,2026-04-02,,,Illinois,Big Ten,1
341,341,Joshua Braun,Kentucky,IOL,2026-04-02,,,Kentucky,SEC,1
342,342,Jaden Dugger,Louisiana-Lafayette,LB,2026-04-02,,,Louisiana,FBS - Sun Belt,1
343,343,Rene Konga,Louisville,DL,2026-04-02,,,Kentucky,ACC,1
344,344,Josh Moten,Southern Miss,CB,2026-04-02,,,Mississippi,FBS - CUSA,1
345,345,Tyreek Chappell,Texas A&M,CB,2026-04-02,,,Texas,SEC,1
346,346,Preston Hodge,Colorado,CB,2026-04-02,,,Colorado,Big 12,1
347,347,Dane Key,Nebraska,WR,2026-04-02,,,Nebraska,Big Ten,1
348,348,Kobe Baynes,Kansas,IOL,2026-04-02,,,Kansas,Big 12,1
349,349,Athan Kaliakmanis,Rutgers,QB,2026-04-02,,,New Jersey,Big Ten,1
350,350,Kejon Owens,Florida International,RB,2026-04-02,,,Florida,FBS - CUSA,1
351,351,Drew Stevens,Iowa,K,2026-04-02,,,Iowa,Big Ten,1
352,352,Bryce Foster,Kansas,IOL,2026-04-02,,,Kansas,Big 12,1
353,353,Wesley Bissainthe,Miami (FL),LB,2026-04-02,,,Florida,ACC,1
354,354,Jalen Catalon,Missouri,S,2026-04-02,,,Missouri,SEC,1
355,355,Derek Simmons,Oklahoma,OT,2026-04-02,,,Oklahoma,SEC,1
356,356,TJ Guy,Michigan,EDGE,2026-04-02,,,Michigan,Big Ten,1
357,357,Dayon Hayes,Texas A&M,EDGE,2026-04-02,,,Texas,SEC,1
358,358,Tanner Arkin,Illinois,TE,2026-04-02,,,Illinois,Big Ten,1
359,359,Caden Barnett,Wyoming,OT,2026-04-02,,,Wyoming,FBS - Mountain West,1
360,360,Chip Trayanum,Toledo,RB,2026-04-02,,,Ohio,FBS - MAC,1
361,361,Alan Herron,Maryland,IOL,2026-04-02,,,Maryland,Big Ten,1
362,362,Jalil Farooq,Maryland,WR,2026-04-02,,,Maryland,Big Ten,1
363,363,Jaren Kanak,Oklahoma,TE,2026-04-02,,,Oklahoma,SEC,1
364,364,Jameson Geers,Minnesota,TE,2026-04-02,,,Minnesota,Big Ten,1
365,365,D.Q. Smith,South Carolina,S,2026-04-02,,,South Carolina,SEC,1
366,366,Austin Brown,Wisconsin,S,2026-04-02,,,Wisconsin,Big Ten,1
367,367,Caden Fordham,NC State,LB,2026-04-02,,,North Carolina,ACC,1
368,368,Giovanni El-Hadi,Michigan,IOL,2026-04-02,,,Michigan,Big Ten,1
369,369,Karson Sharar,Iowa,LB,2026-04-02,,,Iowa,Big Ten,1
370,370,Declan Williams,Incarnate Word,LB,2026-04-02,,,Texas,FCS,1
371,371,Jack Stonehouse,Syracuse,P,2026-04-02,,,New York,ACC,1
372,372,Tyler Duzansky,Penn State,LS,2026-04-02,,,Pennsylvania,Big Ten,1
373,373,Kentrel Bullock,South Alabama,RB,2026-04-02,,,Alabama,FBS - Sun Belt,1
374,374,Gary Smith III,UCLA,DL,2026-04-02,,,California,Big Ten,1
375,375,Dillon Wade,Auburn,IOL,2026-04-02,,,Alabama,SEC,1
376,376,Michael Wortham,Montana,WR,2026-04-02,,,Montana,FCS,1
377,377,Evan Beerntsen,Northwestern,IOL,2026-04-02,,,Illinois,Big Ten,1
378,378,David Blay,Miami (FL),DL,2026-04-02,,,Florida,ACC,1
379,379,Dean Connors,Houston,RB,2026-04-02,,,Texas,Big 12,1
380,380,Michael Heldman,Central Michigan,EDGE,2026-04-02,,,Michigan,FBS - MAC,1
381,381,James Neal,Iowa State,IOL,2026-04-02,,,Iowa,Big 12,1
382,382,Aidan Hubbard,Northwestern,EDGE,2026-04-02,,,Illinois,Big Ten,1
383,383,Skyler Thomas,Oregon State,S,2026-04-02,,,Oregon,Pac 12,1
384,384,Isaiah Jatta,BYU,OT,2026-04-02,,,Utah,Big 12,1
385,385,Jeffrey M'ba,SMU,DL,2026-04-02,,,Texas,ACC,1
386,386,Trebor Pena,Penn State,WR,2026-04-02,,,Pennsylvania,Big Ten,1
387,387,Bernard Gooden,LSU,DL,2026-04-02,,,Louisiana,SEC,1
388,388,Cole Brevard,Texas,DL,2026-04-02,,,Texas,SEC,1
389,389,Connor Tollison,Missouri,IOL,2026-04-02,,,Missouri,SEC,1
390,390,Rocco Spindler,Nebraska,IOL,2026-04-02,,,Nebraska,Big Ten,1
391,391,Garrison Grimes,BYU,LS,2026-04-02,,,Utah,Big 12,1
392,392,Ethan Hurkett,Iowa,EDGE,2026-04-02,,,Iowa,Big Ten,1
393,393,Pete Nygra,Louisville,IOL,2026-04-02,,,Kentucky,ACC,1
394,394,Ricardo Hallman,Wisconsin,CB,2026-04-02,,,Wisconsin,Big Ten,1
395,395,Jalen Logan-Redding,Minnesota,DL,2026-04-02,,,Minnesota,Big Ten,1
396,396,Wade Woodaz,Clemson,LB,2026-04-02,,,South Carolina,ACC,1
397,397,Nick Andersen,Wake Forest,S,2026-04-02,,,North Carolina,ACC,1
398,398,Jayden Williams,Ole Miss,OT,2026-04-02,,,Mississippi,SEC,1
399,399,Dariel Djabome,Rutgers,LB,2026-04-02,,,New Jersey,Big Ten,1
400,400,Devin Voisin,South Alabama,WR,2026-04-02,,,Alabama,FBS - Sun Belt,1
401,401,Jamal Haynes,Georgia Tech,RB,2026-04-02,,,Georgia,ACC,1
402,402,Karon Prunty,Wake Forest,CB,2026-04-02,,,North Carolina,ACC,1
403,403,Keeshawn Silver,USC,DL,2026-04-02,,,California,Big Ten,1
404,404,TJ Quinn,Louisville,S,2026-04-02,,,Kentucky,ACC,1
405,405,Jake Retzlaff,Tulane,QB,2026-04-02,,,Louisiana,FBS - AAC,1
406,406,Miller Moss,Louisville,QB,2026-04-02,,,Kentucky,ACC,1
407,407,Jarod Washington,South Carolina State,CB,2026-04-02,,,South Carolina,FCS,1
408,408,Delby Lemieux,Dartmouth,IOL,2026-04-02,,,New Hampshire,FCS,1
409,409,Kolbey Taylor,Vanderbilt,CB,2026-04-02,,,Tennessee,SEC,1
410,410,Will Pauling,Notre Dame,WR,2026-04-02,,,Indiana,FBS - Independent,1
411,411,E.J. Williams,Indiana,WR,2026-04-02,,,Indiana,Big Ten,1
412,412,Jaren Kump,Utah,IOL,2026-04-02,,,Utah,Big 12,1
413,413,Tomas Rimac,Virginia Tech,IOL,2026-04-02,,,Virginia,ACC,1
414,414,Kyron Drones,Virginia Tech,QB,2026-04-02,,,Virginia,ACC,1
415,415,Christian Jones,San Diego State,OT,2026-04-02,,,California,FBS - Mountain West,1
416,416,Jalen Walthall,Incarnate Word,WR,2026-04-02,,,Texas,FCS,1
417,417,Jaden Keller,Virginia Tech,LB,2026-04-02,,,Virginia,ACC,1
418,418,Max Tomzcak,Youngstown State,WR,2026-04-02,,,Ohio,FCS,1
419,419,Rara Thomas,Troy,WR,2026-04-02,,,Alabama,FBS - Sun Belt,1
420,420,Thomas Castellanos,Florida State,QB,2026-04-02,,,Florida,ACC,1
421,421,Joe Cooper,Slippery Rock,OT,2026-04-02,,,Pennsylvania,D2,1
422,422,Romello Brinson,SMU,WR,2026-04-02,,,Texas,ACC,1
423,423,Maverick McIvor,Western Kentucky,QB,2026-04-02,,,Kentucky,FBS - CUSA,1
424,424,Dequan Finn,Miami (OH),QB,2026-04-02,,,Ohio,FBS - MAC,1
425,425,Devan Boykin,Indiana,S,2026-04-02,,,Indiana,Big Ten,1
426,426,Donaven Mcculley,Michigan,WR,2026-04-02,,,Michigan,Big Ten,1
427,427,Hank Beatty,Illinois,WR,2026-04-02,,,Illinois,Big Ten,1
428,428,Byron Cardwell,San Diego State,RB,2026-04-02,,,California,FBS - Mountain West,1
429,429,Chris Hilton,LSU,WR,2026-04-02,,,Louisiana,SEC,1
430,430,Bryan Thomas Jr.,South Carolina,EDGE,2026-04-02,,,South Carolina,SEC,1
431,431,Keelan Marion,Miami (FL),WR,2026-04-02,,,Florida,ACC,1
432,432,Garrett DiGiorgio,UCLA,OT,2026-04-02,,,California,Big Ten,1
433,433,Wydett Williams Jr.,Ole Miss,S,2026-04-02,,,Mississippi,SEC,1
434,434,Jacob Thomas,James Madison,S,2026-04-02,,,Virginia,FBS - Sun Belt,1
435,435,Jeadyn Lukus,Clemson,CB,2026-04-02,,,South Carolina,ACC,1
436,436,Ryan Eckley,Michigan State,P,2026-04-02,,,Michigan,Big Ten,1
437,437,Reuben Unije,UCLA,OT,2026-04-02,,,California,Big Ten,1
438,438,Clay Patterson,Stanford,DL,2026-04-02,,,California,ACC,1
439,439,Khalil Dinkins,Penn State,TE,2026-04-02,,,Pennsylvania,Big Ten,1
440,440,Jackie Marshall,Baylor,DL,2026-04-02,,,Texas,Big 12,1
441,441,Bakyne Coly,Purdue,OT,2026-04-02,,,Indiana,Big Ten,1
442,442,Aaron Graves,Iowa,DL,2026-04-02,,,Iowa,Big Ten,1
443,443,West Weeks,LSU,LB,2026-04-02,,,Louisiana,SEC,1
444,444,Jalen McMurray,Tennessee,CB,2026-04-02,,,Tennessee,SEC,1
445,445,Al'zillion Hamilton,Fresno State,CB,2026-04-02,,,California,FBS - Mountain West,1
446,446,Keyshawn James-Newby,New Mexico,EDGE,2026-04-02,,,New Mexico,FBS - Mountain West,1
447,447,Myles Rowser,Arizona State,S,2026-04-02,,,Arizona,Big 12,1
448,448,Dontae Balfour,Texas Tech,CB,2026-04-02,,,Texas,Big 12,1
449,449,Seydou Traore,Mississippi State,TE,2026-04-02,,,Mississippi,SEC,1
450,450,Terry Webb,SMU,DL,2026-04-02,,,Texas,ACC,1
451,451,Curtis Allen,Virginia Union,RB,2026-04-02,,,Virginia,D2,1
452,452,Blake Cotton,Utah,CB,2026-04-02,,,Utah,Big 12,1
453,453,Ka'ena Decambra,Arizona,IOL,2026-04-02,,,Arizona,Big 12,1
454,454,Kalil Alexander,Texas State,EDGE,2026-04-02,,,Texas,FBS - Sun Belt,1
455,455,Izavion Miller,Auburn,OT,2026-04-02,,,Alabama,SEC,1
456,456,P.J. Williams,SMU,OT,2026-04-02,,,Texas,ACC,1
457,457,Jakari Foster,Louisiana Tech,S,2026-04-02,,,Louisiana,FBS - CUSA,1
458,458,Calvin Simpson-Hunt,Baylor,CB,2026-04-02,,,Texas,Big 12,1
459,459,Jaiden Ausberry,Notre Dame,LB,2026-04-02,,,Indiana,FBS - Independent,1
460,460,Makari Vickers,Colorado,CB,2026-04-02,,,Colorado,Big 12,1
461,461,Derion Gullette,Mississippi State,EDGE,2026-04-02,,,Mississippi,SEC,1
462,462,Troy Bowles,Michigan,LB,2026-04-02,,,Michigan,Big Ten,1
463,463,Samuel M'Pemba,Texas A&M,EDGE,2026-04-02,,,Texas,SEC,1
464,464,Jaybron Harvey,North Carolina,EDGE,2026-04-02,,,North Carolina,ACC,1
465,465,Lewis Carter,UCF,LB,2026-04-02,,,Florida,Big 12,1
466,466,Nathan Leacock,North Carolina,WR,2026-04-02,,,North Carolina,ACC,1
467,467,Ayden Williams,Mississippi State,WR,2026-04-02,,,Mississippi,SEC,1
468,468,Jaylon Braxton,Ole Miss,CB,2026-04-02,,,Mississippi,SEC,1
469,469,Raymond Cottrell,West Alabama,WR,2026-04-02,,,Alabama,D2,1
470,470,Jameial Lyons,Penn State,EDGE,2026-04-02,,,Pennsylvania,Big Ten,1
471,471,Bravion Rogers,Texas A&M,CB,2026-04-02,,,Texas,SEC,1
472,472,Braylon James,TCU,WR,2026-04-02,,,Texas,Big 12,1
473,473,Bai Jobe,Miami (OH),EDGE,2026-04-02,,,Ohio,FBS - MAC,1
474,474,Markee Anderson,South Carolina,IOL,2026-04-02,,,South Carolina,SEC,1
475,475,Ryan Niblett,Texas,WR,2026-04-02,,,Texas,SEC,1
476,476,Shamurad Umarov,Tennessee,OT,2026-04-02,,,Tennessee,SEC,1
477,477,Brenan Vernon,Notre Dame,DL,2026-04-02,,,Indiana,FBS - Independent,1
478,478,Jason Moore,Ohio State,DL,2026-04-02,,,Ohio,Big Ten,1
479,479,Joshua Padilla,Ohio State,IOL,2026-04-02,,,Ohio,Big Ten,1
480,480,Grayson Loftis,Charlotte,QB,2026-04-02,,,North Carolina,FBS - AAC,1
481,481,Sedrick Alexander,Vanderbilt,RB,2026-04-02,,,Tennessee,SEC,1
482,482,A'Marion McCoy,Boise State,CB,2026-04-02,,,Idaho,FBS - Mountain West,1
483,483,Calvin Clements,Kansas,OT,2026-04-02,,,Kansas,Big 12,1
484,484,James Durand,Western Illinois,IOL,2026-04-02,,,Illinois,FCS,1
485,485,Davin Stoffel,Illinois,TE,2026-04-02,,,Illinois,Big Ten,1
486,486,Kansei Matsuzawa,Hawaii,K,2026-04-02,,,Hawaii,FBS - Mountain West,1
487,487,Denver Harris,UNLV,CB,2026-04-02,,,Nevada,FBS - Mountain West,1
488,488,Travis Shaw,Texas,DL,2026-04-02,,,Texas,SEC,1
489,489,Antonio Gates Jr.,Delaware State,WR,2026-04-02,,,Delaware,FCS,1
490,490,J.Q. Hardaway,Kentucky,CB,2026-04-02,,,Kentucky,SEC,1
491,491,Maalik Murphy,Oregon State,QB,2026-04-02,,,Oregon,Pac 12,1
492,492,Khurtiss Perry,Jacksonville State,DL,2026-04-02,,,Alabama,FBS - CUSA,1
493,493,Tobias Merriweather,Utah,WR,2026-04-02,,,Utah,Big 12,1
494,494,Braylin Presley,Tulsa,WR,2026-04-02,,,Oklahoma,FBS - AAC,1
495,495,Dayne Shor,Akron,OT,2026-04-02,,,Ohio,FBS - MAC,1
496,496,Popeye Williams,Western Michigan,EDGE,2026-04-02,,,Michigan,FBS - MAC,1
497,497,Dasan McCullough,Nebraska,EDGE,2026-04-02,,,Nebraska,Big Ten,1
498,498,Shawn Murphy,South Carolina,LB,2026-04-02,,,South Carolina,SEC,1
499,499,Jaylon Glover,UNLV,RB,2026-04-02,,,Nevada,FBS - Mountain West,1
500,500,Cam Miller,Rutgers,CB,2026-04-02,,,New Jersey,Big Ten,1
501,501,Keaten Wade,Colorado,EDGE,2026-04-02,,,Colorado,Big 12,1
502,502,Collin Sadler,Clemson,OT,2026-04-02,,,South Carolina,ACC,1
503,503,Justice Finkley,Kansas,EDGE,2026-04-02,,,Kansas,Big 12,1
504,504,Holden Staes,Indiana,TE,2026-04-02,,,Indiana,Big Ten,1
505,505,Kobe Prentice,Baylor,WR,2026-04-02,,,Texas,Big 12,1
506,506,C.J. Williams,Stanford,WR,2026-04-02,,,California,ACC,1
507,507,Kaleb Brown,UAB,WR,2026-04-02,,,Alabama,FBS - AAC,1
508,508,Julian Armella,UCLA,IOL,2026-04-02,,,California,Big Ten,1
509,509,Jamari Lyons,Florida,DL,2026-04-02,,,Florida,SEC,1
510,510,Cole Hutson,Texas,IOL,2026-04-02,,,Texas,SEC,1
511,511,Kyion Grayes,California,WR,2026-04-02,,,California,ACC,1
512,512,TreVonte Citizen,McNeese State,RB,2026-04-02,,,Louisiana,FCS,1
513,513,Zion Branch,Georgia,S,2026-04-02,,,Georgia,SEC,1
514,514,Jayden Virgin-Morgan,Boise State,EDGE,2026-04-02,,,Idaho,FBS - Mountain West,1
515,515,Amari Niblack,Texas A&M,TE,2026-04-02,,,Texas,SEC,1
516,516,Malick Sylla,Mississippi State,EDGE,2026-04-02,,,Mississippi,SEC,1
517,517,Jacolby Spells,West Virginia,CB,2026-04-02,,,West Virginia,Big 12,1
518,518,Kyron Barnes,Nicholls State,OT,2026-04-02,,,Louisiana,FCS,1
519,519,Deshaun Lee,Iowa,CB,2026-04-02,,,Iowa,Big Ten,1
520,520,Tyler Perkins,Iowa State,P,2026-04-02,,,Iowa,Big 12,1
521,521,Nate Johnson,Utah,QB,2026-04-02,,,Utah,Big 12,1
522,522,Darren Agu,New Mexico,EDGE,2026-04-02,,,New Mexico,FBS - Mountain West,1
523,523,Gavin Gibson,North Carolina,CB,2026-04-02,,,North Carolina,ACC,1
524,524,Kam Olds,Kentucky,EDGE,2026-04-02,,,Kentucky,SEC,1
525,525,Carsen Ryan,BYU,TE,2026-04-02,,,Utah,Big 12,1
526,526,Cameron Robertson,SMU,EDGE,2026-04-02,,,Texas,ACC,1
527,527,Braxton Fely,Boise State,DL,2026-04-02,,,Idaho,FBS - Mountain West,1
528,528,Van Wells,Oregon State,IOL,2026-04-02,,,Oregon,Pac 12,1
529,529,Wendell Moe Jr.,Tennessee,IOL,2026-04-02,,,Tennessee,SEC,1
530,530,Andrew Paul,Jacksonville State,RB,2026-04-02,,,Alabama,FBS - CUSA,1
531,531,Owen McCown,UTSA,QB,2026-04-02,,,Texas,FBS - AAC,1
532,532,Cade McConnell,Vanderbilt,IOL,2026-04-02,,,Tennessee,SEC,1
533,533,Jahiem Lawson,Clemson,EDGE,2026-04-02,,,South Carolina,ACC,1
534,534,Pichon Wimbley,Georgia Southern,IOL,2026-04-02,,,Georgia,FBS - Sun Belt,1
535,535,Davion Carter,Texas Tech,IOL,2026-04-02,,,Texas,Big 12,1
536,536,Eddie Kelly,West Virginia,DL,2026-04-02,,,West Virginia,Big 12,1
537,537,Damonic Williams,Oklahoma,DL,2026-04-02,,,Oklahoma,SEC,1
538,538,Richard Reese,Stephen F. Austin,RB,2026-04-02,,,Texas,FCS,1
539,539,Savion Red,Sacramento State,RB,2026-04-02,,,California,FCS,1
540,540,John Bock II,Tulane,IOL,2026-04-02,,,Louisiana,FBS - AAC,1
541,541,Jeremiah Earby,Boise State,CB,2026-04-02,,,Idaho,FBS - Mountain West,1
542,542,Josh Kattus,Kentucky,TE,2026-04-02,,,Kentucky,SEC,1
543,543,Malik Spencer,Michigan State,S,2026-04-02,,,Michigan,Big Ten,1
544,544,Jerry Wilson,Florida State,CB,2026-04-02,,,Florida,ACC,1
545,545,Justus Ross-Simmons,Syracuse,WR,2026-04-02,,,New York,ACC,1
546,546,Squirrel White,Florida State,WR,2026-04-02,,,Florida,ACC,1
547,547,Jordan Pollard,San Jose State,LB,2026-04-02,,,California,FBS - Mountain West,1
548,548,Jackson Lee,Florida Atlantic,LS,2026-04-02,,,Florida,FBS - AAC,1
549,549,Lance St. Louis,Texas,LS,2026-04-02,,,Texas,SEC,1
550,550,Bryan McCoy,Oklahoma State,LB,2026-04-02,,,Oklahoma,Big 12,1
551,551,Desmeal Leigh,Youngstown State,OT,2026-04-02,,,Ohio,FCS,1
552,552,Omar Aigbedion,Baylor,IOL,2026-04-02,,,Texas,Big 12,1
553,553,Liam Becher,North Dakota,IOL,2026-04-02,,,North Dakota,FCS,1
554,554,Quinten Christensen,South Dakota State,IOL,2026-04-02,,,South Dakota,FCS,1
555,555,Maurice Westmoreland,Tulane,EDGE,2026-04-02,,,Louisiana,FBS - AAC,1
556,556,Korey Foreman,Fresno State,EDGE,2026-04-02,,,California,FBS - Mountain West,1
557,557,Sage Ryan,Ole Miss,S,2026-04-02,,,Mississippi,SEC,1
558,558,Damon Payne,Michigan,DL,2026-04-02,,,Michigan,Big Ten,1
559,559,Armoni Goodwin,UT Martin,RB,2026-04-02,,,Tennessee,FCS,1
560,560,Jonathan Jefferson,SMU,DL,2026-04-02,,,Texas,ACC,1
561,561,Christian Leary,Western Michigan,WR,2026-04-02,,,Michigan,FBS - MAC,1
562,562,Reid Carrico,West Virginia,LB,2026-04-02,,,West Virginia,Big 12,1
563,563,Avante Dickerson,Arkansas State,CB,2026-04-02,,,Arkansas,FBS - Sun Belt,1
564,564,Raesjon Davis,Oregon State,LB,2026-04-02,,,Oregon,Pac 12,1
565,565,Kadarius Calloway,New Mexico State,RB,2026-04-02,,,New Mexico,FBS - CUSA,1
566,566,Ty Thompson,Tulane,TE,2026-04-02,,,Louisiana,FBS - AAC,1
567,567,Zaire Patterson,Clemson,EDGE,2026-04-02,,,South Carolina,ACC,1
568,568,Keli Lawson,UCF,LB,2026-04-02,,,Florida,Big 12,1
569,569,Bram Walden,Arizona State,IOL,2026-04-02,,,Arizona,Big 12,1
570,570,Dacari Collins,Louisville,WR,2026-04-02,,,Kentucky,ACC,1
571,571,Teddy Prochazka,Nebraska,OT,2026-04-02,,,Nebraska,Big Ten,1
572,572,Gabriel Rubio,Notre Dame,DL,2026-04-02,,,Indiana,FBS - Independent,1
573,573,Kelvin Gilliam,Virginia Tech,DL,2026-04-02,,,Virginia,ACC,1
574,574,Elliot Donald,Pitt,DL,2026-04-02,,,Pennsylvania,ACC,1
575,575,Deion Colzie,Miami (OH),WR,2026-04-02,,,Ohio,FBS - MAC,1
576,576,Shadrach Banks,UTSA,LB,2026-04-02,,,Texas,FBS - AAC,1
577,577,Marcus Burris,Memphis,DL,2026-04-02,,,Tennessee,FBS - AAC,1
578,578,Reuben Fatheree II,Texas A&M,OT,2026-04-02,,,Texas,SEC,1
579,579,Kyron Ware-Hudson,Penn State,WR,2026-04-02,,,Pennsylvania,Big Ten,1
580,580,Kaidon Salter,Colorado,QB,2026-04-02,,,Colorado,Big 12,1
581,581,Prince Kollie,Vanderbilt,LB,2026-04-02,,,Tennessee,SEC,1
582,582,Malik McClain,Arizona State,WR,2026-04-02,,,Arizona,Big 12,1
583,583,Clayton Smith,Arizona State,EDGE,2026-04-02,,,Arizona,Big 12,1
584,584,JoJo Earle,UNLV,WR,2026-04-02,,,Nevada,FBS - Mountain West,1
585,585,Zen Michalski,Indiana,OT,2026-04-02,,,Indiana,Big Ten,1
586,586,Latrell McCutchin,Houston,CB,2026-04-02,,,Texas,Big 12,1
587,587,Bryce Carter,Texas State,DL,2026-04-02,,,Texas,FBS - Sun Belt,1
588,588,Nyland Green,Arizona State,CB,2026-04-02,,,Arizona,Big 12,1
589,589,Jayden Ballard,Wisconsin,WR,2026-04-02,,,Wisconsin,Big Ten,1
590,590,Damarius McGhee,Florida Atlantic,CB,2026-04-02,,,Florida,FBS - AAC,1
591,591,J.P. Benzschawel,Wisconsin,IOL,2026-04-02,,,Wisconsin,Big Ten,1
592,592,Preston Stone,Northwestern,QB,2026-04-02,,,Illinois,Big Ten,1
593,593,Terrence Ferguson II,Syracuse,IOL,2026-04-02,,,New York,ACC,1
594,594,Trevion Cooley,Troy,RB,2026-04-02,,,Alabama,FBS - Sun Belt,1
595,595,Savion Byrd,SMU,IOL,2026-04-02,,,Texas,ACC,1
596,596,David Daniel-Sisavanh,Troy,S,2026-04-02,,,Alabama,FBS - Sun Belt,1
597,597,Ethan Calvert,Cal Poly,LB,2026-04-02,,,California,FCS,1
598,598,Jaylin Davies,Oklahoma State,CB,2026-04-02,,,Oklahoma,Big 12,1
599,599,Raheem Anderson,Western Michigan,IOL,2026-04-02,,,Michigan,FBS - MAC,1
600,600,Tywone Malone,Ohio State,DL,2026-04-02,,,Ohio,Big Ten,1
601,601,L.J. Johnson Jr.,California,RB,2026-04-02,,,California,ACC,1
602,602,Keanu Koht,Vanderbilt,EDGE,2026-04-02,,,Tennessee,SEC,1
603,603,Cade Denhoff,Clemson,EDGE,2026-04-02,,,South Carolina,ACC,1
604,604,Chamon Metayer,Arizona State,TE,2026-04-02,,,Arizona,Big 12,1
605,605,Logan Diggs,Ole Miss,RB,2026-04-02,,,Mississippi,SEC,1
606,606,Dorion Strawn,Texas State,OT,2026-04-02,,,Texas,FBS - Sun Belt,1
607,607,Ryan Mosesso,Massachusetts,OT,2026-04-02,,,Massachusetts,FBS - MAC,1
608,608,Devean Deal,TCU,EDGE,2026-04-02,,,Texas,Big 12,1
609,609,Daylan Carnell,Missouri,S,2026-04-02,,,Missouri,SEC,1
610,610,Jordan Favors,Appalachian State,S,2026-04-02,,,North Carolina,FBS - Sun Belt,1
611,611,Alton McCaskill IV,Sam Houston State,RB,2026-04-02,,,Texas,FBS - CUSA,1
612,612,Barika Kpeenu,North Dakota State,RB,2026-04-02,,,North Dakota,FCS,1
613,613,Tiaoalii Savea,Arizona,DL,2026-04-02,,,Arizona,Big 12,1
614,614,Jayden Thomas,Virginia,WR,2026-04-02,,,Virginia,ACC,1
615,615,Jerand Bradley,Kansas State,WR,2026-04-02,,,Kansas,Big 12,1
616,616,Jason Henderson,Old Dominion,LB,2026-04-02,,,Virginia,FBS - CUSA,1
617,617,Jared Brown,South Carolina,WR,2026-04-02,,,South Carolina,SEC,1
618,618,Joseph Manjack IV,TCU,WR,2026-04-02,,,Texas,Big 12,1
619,619,Roy Williams,Northern Illinois,EDGE,2026-04-02,,,Illinois,FBS - MAC,1
620,620,Shyheim Brown,Florida State,S,2026-04-02,,,Florida,ACC,1
621,621,Darian Chestnut,Syracuse,CB,2026-04-02,,,New York,ACC,1
622,622,Andrel Anthony,Duke,WR,2026-04-02,,,North Carolina,ACC,1
623,623,Dylan Rosiek,Illinois,LB,2026-04-02,,,Illinois,Big Ten,1
624,624,Mason Murphy,Auburn,OT,2026-04-02,,,Alabama,SEC,1
625,625,Khordae Sydnor,Vanderbilt,EDGE,2026-04-02,,,Tennessee,SEC,1
626,626,Sean Brown,NC State,LB,2026-04-02,,,North Carolina,ACC,1
627,627,Cade Zimmerly,Bowling Green,IOL,2026-04-02,,,Ohio,FBS - MAC,1
628,628,Bruno Onwuazor,Virginia State,OT,2026-04-02,,,Virginia,D2,1
629,629,Kamryn Waites,Florida,IOL,2026-04-02,,,Florida,SEC,1
630,630,Ashton Grable,Florida A&M,IOL,2026-04-02,,,Florida,FCS,1
631,631,Bert Auburn,Miami (FL),K,2026-04-02,,,Florida,ACC,1
632,632,Ross James,Oregon,P,2026-04-02,,,Oregon,Big Ten,1
633,633,Tony Grimes,Purdue,CB,2026-04-02,,,Indiana,Big Ten,1
634,634,Demon Clowney,South Carolina,EDGE,2026-04-02,,,South Carolina,SEC,1
635,635,Turner Corcoran,Nebraska,IOL,2026-04-02,,,Nebraska,Big Ten,1
636,636,Malcolm Greene,Massachusetts,S,2026-04-02,,,Massachusetts,FBS - MAC,1
637,637,Key Lawrence,UCLA,CB,2026-04-02,,,California,Big Ten,1
638,638,Walker Parks,Clemson,IOL,2026-04-02,,,South Carolina,ACC,1
639,639,Aki Ogunbiyi,Colorado,IOL,2026-04-02,,,Colorado,Big 12,1
640,640,Zykeivous Walker,Auburn,DL,2026-04-02,,,Alabama,SEC,1
641,641,Tyler Van Dyke,SMU,QB,2026-04-02,,,Texas,ACC,1
642,642,Roydell Williams,Florida State,RB,2026-04-02,,,Florida,ACC,1
643,643,Drew Pyne,Bowling Green,QB,2026-04-02,,,Ohio,FBS - MAC,1
644,644,Xavion Alford,Arizona State,S,2026-04-02,,,Arizona,Big 12,1
645,645,Reggie Grimes,Memphis,EDGE,2026-04-02,,,Tennessee,FBS - AAC,1
646,646,Stephen Dix Jr.,Arkansas,LB,2026-04-02,,,Arkansas,SEC,1
647,647,Tosh Baker,Notre Dame,OT,2026-04-02,,,Indiana,FBS - Independent,1
648,648,Dominic Bailey,Tennessee,EDGE,2026-04-02,,,Tennessee,SEC,1
649,649,Jeff Sims,Arizona State,QB,2026-04-02,,,Arizona,Big 12,1
650,650,Chad Lindberg,North Carolina,IOL,2026-04-02,,,North Carolina,ACC,1
651,651,Bangally Kamara,Kansas,LB,2026-04-02,,,Kansas,Big 12,1
652,652,E.J. Smith,Texas A&M,RB,2026-04-02,,,Texas,SEC,1
653,653,Stefon Thompson,Florida State,LB,2026-04-02,,,Florida,ACC,1
654,654,Ja'Mori Maclin,Kentucky,WR,2026-04-02,,,Kentucky,SEC,1
655,655,Hunter Zambrano,Texas Tech,IOL,2026-04-02,,,Texas,Big 12,1
656,656,Ben Bell,Virginia Tech,EDGE,2026-04-02,,,Virginia,ACC,1
657,657,Nick Dawkins,Penn State,IOL,2026-04-02,,,Pennsylvania,Big Ten,1
658,658,Dominic Richardson,Tulsa,RB,2026-04-02,,,Oklahoma,FBS - AAC,1
659,659,Cam Porter,Northwestern,RB,2026-04-02,,,Illinois,Big Ten,1
660,660,Will Shaffer,Abilene Christian,LB,2026-04-02,,,Texas,FCS,1
661,661,Payton Zdroik,Air Force,DL,2026-04-02,,,Colorado,FBS - Mountain West,1
662,662,Jordan White,Vanderbilt,IOL,2026-04-02,,,Tennessee,SEC,1
663,663,Gilber Edmond,South Carolina,EDGE,2026-04-02,,,South Carolina,SEC,1
664,664,Jahmeer Carter,Virginia,DL,2026-04-02,,,Virginia,ACC,1
665,665,Nate Rutchena,UC Davis,TE,2026-04-02,,,California,FCS,1
666,666,Jimari Butler,LSU,EDGE,2026-04-02,,,Louisiana,SEC,1
667,667,D.J. Graham,Kansas,CB,2026-04-02,,,Kansas,Big 12,1
668,668,Devin Neal,Virginia,S,2026-04-02,,,Virginia,ACC,1
669,669,Leon Lowery Jr.,Illinois,LB,2026-04-02,,,Illinois,Big Ten,1
670,670,Luke Petitbon,Florida State,IOL,2026-04-02,,,Florida,ACC,1
671,671,Jalen Berger,UCLA,RB,2026-04-02,,,California,Big Ten,1
672,672,Xavier Hill,Colorado,IOL,2026-04-02,,,Colorado,Big 12,1
673,673,Courtland Ford,UCLA,OT,2026-04-02,,,California,Big Ten,1
674,674,Alex Wollschlaeger,Kentucky,OT,2026-04-02,,,Kentucky,SEC,1
675,675,Tyree Skipper,Louisiana-Lafayette,S,2026-04-02,,,Louisiana,FBS - Sun Belt,1
676,676,Sabastian Harsh,NC State,DL,2026-04-02,,,North Carolina,ACC,1
677,677,Tay Yanta II,North Texas,IOL,2026-04-02,,,Texas,FBS - AAC,1
678,678,Matthew Sluka,James Madison,QB,2026-04-02,,,Virginia,FBS - Sun Belt,1
679,679,Ja'Varrius Johnson,UCF,WR,2026-04-02,,,Florida,Big 12,1
680,680,Donavon Greene,Virginia Tech,WR,2026-04-02,,,Virginia,ACC,1
681,681,Cade McNamara,East Tennessee State,QB,2026-04-02,,,Tennessee,FCS,1
682,682,Antonio Clary,Virginia,S,2026-04-02,,,Virginia,ACC,1
683,683,Ben Coleman,Arizona State,IOL,2026-04-02,,,Arizona,Big 12,1
684,684,Isheem Young,Memphis,S,2026-04-02,,,Tennessee,FBS - AAC,1
685,685,Matthew Bedford,Oregon,OT,2026-04-02,,,Oregon,Big Ten,1
686,686,Zach Calzada,Kentucky,QB,2026-04-02,,,Kentucky,SEC,1
