2024-09-15,1,4,0,253,9 days ago
2024-10-04,1,4,0,255,7 days ago
2024-12-15,1,4,0,348,4 days ago
2025-01-02,1,4,0,507,7 days ago
2025-02-03,1,4,0,556,11 days ago
2025-03-03,1,4,0,759,11 days ago
2025-04-26,4,13,0,782,3 minutes ago
2025-05-01,7,39,4,796,1 day ago
2025-05-07,7,39,4,796,7 days ago
2025-05-18,7,60,8,798,2 days ago
2025-05-23,7,60,8,798,8 days ago
2025-06-03,14,73,11,835,1 day ago
2025-09-01,1,10,0,934,Recently Updated
2025-09-06,0,0,0,904,CSV
2025-09-07,0,0,0,906,CSV
2025-09-21,0,0,0,913,CSV
2025-09-28,0,0,0,922,CSV
2025-10-01,0,0,0,925,CSV
2025-10-04,0,0,0,931,CSV
2025-10-13,0,0,0,934,CSV
2025-10-20,0,0,0,929,CSV
2025-10-22,0,0,0,929,CSV
2025-10-30,0,0,0,939,CSV
2025-11-02,0,0,0,943,CSV
2025-11-09,0,0,0,952,CSV
2025-11-17,0,0,0,958,CSV
2025-11-23,0,0,0,968,CSV
2025-12-10,0,0,0,996,CSV
2025-12-31,0,0,0,938,CSV
2026-01-21,0,0,0,850,CSV
2026-02-20,0,0,0,718,CSV
2026-03-05,0,0,0,676,CSV
2026-03-07,0,0,0,676,CSV
